Customer_ID,Gender,Age,Married,State,Number_of_Referrals,Tenure_in_Months,Value_Deal,Phone_Service,Multiple_Lines,Internet_Service,Internet_Type,Online_Security,Online_Backup,Device_Protection_Plan,Premium_Support,Streaming_TV,Streaming_Movies,Streaming_Music,Unlimited_Data,Contract,Paperless_Billing,Payment_Method,Monthly_Charge,Total_Charges,Total_Refunds,Total_Extra_Data_Charges,Total_Long_Distance_Charges,Total_Revenue,Customer_Status,Churn_Category,Churn_Reason,Predicted_Status,Churn_Probability
93520-RAN,Female,67,No,Rangpur,13,19,Deal 5,Yes,Yes,Yes,Fiber Optic,No,No,No,No,No,No,No,Yes,One Year,Yes,Bank Withdrawal,540.75,540.75,0.0,0.0,58.27,599.03,Joined,Not Applicable,Not Applicable,Likely to Churn,75.98
57256-CTG,Female,18,No,Chattogram,9,7,No Deal,Yes,No,No,,No,No,No,No,No,No,No,No,Month-to-Month,No,Credit Card,148.88,429.0,0.0,0.0,70.2,499.2,Joined,Not Applicable,Not Applicable,Likely to Churn,86.19
72357-SYL,Female,53,No,Sylhet,14,12,Deal 5,Yes,No,Yes,Fiber Optic,No,No,No,No,No,No,No,Yes,Month-to-Month,Yes,Credit Card,332.25,332.25,0.0,0.0,322.12,654.38,Joined,Not Applicable,Not Applicable,Likely to Churn,96.83
66612-KHU,Female,58,Yes,Khulna,11,18,No Deal,Yes,No,No,,No,No,No,No,No,No,No,No,Month-to-Month,No,Credit Card,149.62,435.0,0.0,0.0,60.53,495.52,Joined,Not Applicable,Not Applicable,Likely to Churn,88.1
22119-CTG,Male,31,Yes,Chattogram,5,5,No Deal,Yes,No,No,,No,No,No,No,No,No,No,No,Month-to-Month,No,Credit Card,150.38,252.75,0.0,0.0,27.15,279.9,Joined,Not Applicable,Not Applicable,Likely to Churn,96.09
66712-RAN,Female,47,Yes,Rangpur,6,33,Deal 5,Yes,No,Yes,Fiber Optic,No,Yes,No,No,No,Yes,Yes,Yes,Month-to-Month,No,Bank Withdrawal,632.25,1762.88,0.0,0.0,308.7,2071.57,Joined,Not Applicable,Not Applicable,Likely to Churn,90.64
53815-CTG,Female,36,No,Chattogram,2,4,No Deal,Yes,No,No,,No,No,No,No,No,No,No,No,Month-to-Month,No,Credit Card,147.75,147.75,0.0,0.0,257.1,404.85,Joined,Not Applicable,Not Applicable,Likely to Churn,96.51
34110-DHK,Female,20,Yes,Dhaka,6,3,No Deal,Yes,Yes,Yes,Mobile Broadband,No,No,No,No,No,No,No,Yes,Month-to-Month,Yes,Bank Withdrawal,375.75,375.75,0.0,0.0,218.47,594.23,Joined,Not Applicable,Not Applicable,Likely to Churn,98.24
12056-CTG,Male,27,No,Chattogram,2,20,No Deal,Yes,No,Yes,Fiber Optic,No,Yes,Yes,No,No,Yes,Yes,Yes,Month-to-Month,No,Bank Withdrawal,678.0,2013.38,0.0,0.0,708.3,2721.67,Joined,Not Applicable,Not Applicable,Likely to Churn,81.04
82129-CTG,Female,26,No,Chattogram,9,8,Deal 5,Yes,No,Yes,Fiber Optic,No,Yes,No,No,Yes,No,No,Yes,Month-to-Month,Yes,Credit Card,440.25,1264.5,0.0,0.0,258.07,1522.57,Joined,Not Applicable,Not Applicable,Likely to Churn,82.13
39764-DHK,Female,39,Yes,Dhaka,5,14,No Deal,Yes,No,No,,No,No,No,No,No,No,No,No,Month-to-Month,No,Credit Card,145.12,347.62,0.0,0.0,665.1,1012.73,Joined,Not Applicable,Not Applicable,Likely to Churn,92.54
29626-CTG,Male,67,No,Chattogram,10,22,Deal 5,Yes,No,Yes,Fiber Optic,Yes,No,No,No,No,No,No,No,Month-to-Month,No,Bank Withdrawal,376.12,376.12,0.0,375.0,287.47,1038.6,Joined,Not Applicable,Not Applicable,Likely to Churn,98.45
47133-MYM,Female,60,Yes,Mymensingh,15,8,No Deal,Yes,No,Yes,Mobile Broadband,No,No,No,No,No,No,No,Yes,Month-to-Month,No,Bank Withdrawal,334.5,920.25,0.0,0.0,350.78,1271.03,Joined,Not Applicable,Not Applicable,Likely to Churn,82.6
62842-BAR,Male,33,Yes,Barishal,11,25,No Deal,Yes,No,No,,No,No,No,No,No,No,No,No,Month-to-Month,No,Credit Card,144.75,333.0,0.0,0.0,748.65,1081.65,Joined,Not Applicable,Not Applicable,Likely to Churn,75.67
21288-DHK,Female,63,No,Dhaka,12,34,No Deal,Yes,Yes,Yes,Fiber Optic,No,No,No,No,Yes,No,No,No,Month-to-Month,Yes,Bank Withdrawal,451.88,1278.75,0.0,525.0,452.25,2256.0,Joined,Not Applicable,Not Applicable,Likely to Churn,89.36
83994-DHK,Male,48,Yes,Dhaka,8,24,No Deal,Yes,No,Yes,Fiber Optic,No,No,No,No,Yes,Yes,Yes,Yes,Month-to-Month,No,Credit Card,680.25,1782.38,0.0,0.0,121.28,1903.65,Joined,Not Applicable,Not Applicable,Likely to Churn,79.7
24754-RAJ,Female,63,Yes,Rajshahi,0,28,No Deal,Yes,No,Yes,Fiber Optic,No,No,No,No,No,No,No,Yes,Month-to-Month,Yes,Bank Withdrawal,521.62,1501.5,253.5,0.0,37.57,1285.58,Joined,Not Applicable,Not Applicable,Likely to Churn,89.51
24990-CTG,Female,36,No,Chattogram,8,24,No Deal,Yes,No,Yes,Fiber Optic,No,No,No,No,No,No,No,Yes,Month-to-Month,Yes,Bank Withdrawal,537.38,1018.12,0.0,0.0,435.45,1453.58,Joined,Not Applicable,Not Applicable,Likely to Churn,96.85
26500-RAN,Female,62,Yes,Rangpur,3,19,Deal 5,Yes,No,Yes,Mobile Broadband,Yes,No,No,No,No,Yes,Yes,Yes,Month-to-Month,Yes,Mobile Banking (bKash/Nagad),466.12,848.25,0.0,0.0,725.85,1574.1,Joined,Not Applicable,Not Applicable,Likely to Churn,91.01
17796-CTG,Female,65,No,Chattogram,5,1,No Deal,Yes,No,Yes,Mobile Broadband,Yes,No,No,No,No,No,No,Yes,Month-to-Month,Yes,Bank Withdrawal,363.38,363.38,0.0,0.0,123.15,486.53,Joined,Not Applicable,Not Applicable,Likely to Churn,98.31
21956-CTG,Female,59,Yes,Chattogram,10,8,No Deal,Yes,No,Yes,Fiber Optic,Yes,No,No,Yes,No,No,No,No,Month-to-Month,Yes,Credit Card,617.25,1608.0,0.0,150.0,1011.82,2769.82,Joined,Not Applicable,Not Applicable,Likely to Churn,80.08
92198-DHK,Female,44,Yes,Dhaka,8,15,Deal 5,Yes,No,No,,No,No,No,No,No,No,No,No,Month-to-Month,Yes,Credit Card,151.88,151.88,0.0,0.0,211.35,363.23,Joined,Not Applicable,Not Applicable,Likely to Churn,94.15
79905-DHK,Female,24,No,Dhaka,0,12,No Deal,Yes,No,No,,No,No,No,No,No,No,No,No,Month-to-Month,No,Credit Card,153.38,153.38,0.0,0.0,225.68,379.05,Joined,Not Applicable,Not Applicable,Likely to Churn,95.37
71509-BAR,Female,40,No,Barishal,3,27,No Deal,Yes,No,Yes,Fiber Optic,No,No,No,No,Yes,No,No,Yes,Month-to-Month,Yes,Bank Withdrawal,409.88,409.88,0.0,0.0,272.47,682.35,Joined,Not Applicable,Not Applicable,Likely to Churn,97.93
62535-RAJ,Male,42,No,Rajshahi,8,22,Deal 5,Yes,No,Yes,Mobile Broadband,No,No,No,Yes,Yes,Yes,Yes,Yes,Month-to-Month,No,Credit Card,530.25,1692.38,0.0,0.0,563.4,2255.77,Joined,Not Applicable,Not Applicable,Likely to Churn,83.15
45978-RAN,Female,38,Yes,Rangpur,2,19,No Deal,Yes,No,No,,No,No,No,No,No,No,No,No,Month-to-Month,No,Credit Card,155.62,331.5,0.0,0.0,415.05,746.55,Joined,Not Applicable,Not Applicable,Likely to Churn,94.06
91835-RAN,Male,21,Yes,Rangpur,12,5,No Deal,Yes,No,Yes,Mobile Broadband,No,No,Yes,Yes,Yes,Yes,Yes,Yes,Month-to-Month,Yes,Bank Withdrawal,566.25,566.25,0.0,0.0,42.23,608.47,Joined,Not Applicable,Not Applicable,Likely to Churn,98.24
98788-KHU,Male,58,Yes,Khulna,4,16,Deal 5,Yes,No,No,,No,No,No,No,No,No,No,No,Month-to-Month,Yes,Mobile Banking (bKash/Nagad),150.38,294.38,0.0,0.0,102.75,397.12,Joined,Not Applicable,Not Applicable,Likely to Churn,94.39
48018-RAN,Male,39,No,Rangpur,1,14,No Deal,Yes,No,No,,No,No,No,No,No,No,No,No,Month-to-Month,No,Credit Card,146.62,146.62,0.0,0.0,229.72,376.35,Joined,Not Applicable,Not Applicable,Likely to Churn,95.73
31601-DHK,Female,31,Yes,Dhaka,2,10,No Deal,Yes,No,No,,No,No,No,No,No,No,No,No,Month-to-Month,No,Credit Card,147.38,147.38,0.0,0.0,318.15,465.52,Joined,Not Applicable,Not Applicable,Likely to Churn,95.49
74651-CTG,Female,30,Yes,Chattogram,7,23,No Deal,No,No,Yes,Fiber Optic,No,Yes,No,No,No,No,No,Yes,Month-to-Month,No,Credit Card,219.0,738.75,0.0,0.0,0.0,738.75,Joined,Not Applicable,Not Applicable,Likely to Churn,75.5
42358-CTG,Female,53,No,Chattogram,9,35,No Deal,Yes,No,Yes,Fiber Optic,No,No,No,No,Yes,No,No,Yes,Month-to-Month,Yes,Bank Withdrawal,406.5,1053.0,0.0,0.0,931.05,1984.05,Joined,Not Applicable,Not Applicable,Likely to Churn,89.32
71564-KHU,Female,48,No,Khulna,6,5,No Deal,Yes,No,No,,No,No,No,No,No,No,No,No,Month-to-Month,No,Credit Card,142.88,142.88,0.0,0.0,37.65,180.53,Joined,Not Applicable,Not Applicable,Likely to Churn,96.49
22137-KHU,Female,51,No,Khulna,4,28,No Deal,Yes,No,No,,No,No,No,No,No,No,No,No,One Year,No,Credit Card,148.88,148.88,0.0,0.0,355.95,504.83,Joined,Not Applicable,Not Applicable,Likely to Churn,91.84
44709-CTG,Female,72,Yes,Chattogram,7,17,No Deal,No,No,Yes,Fiber Optic,No,Yes,No,No,No,No,No,Yes,Month-to-Month,Yes,Bank Withdrawal,230.62,621.38,0.0,0.0,0.0,621.38,Joined,Not Applicable,Not Applicable,Likely to Churn,94.31
27856-DHK,Female,33,Yes,Dhaka,1,32,Deal 5,Yes,No,No,,No,No,No,No,No,No,No,No,Month-to-Month,Yes,Bank Withdrawal,144.38,144.38,0.0,0.0,70.8,215.18,Joined,Not Applicable,Not Applicable,Likely to Churn,95.71
26567-DHK,Female,67,Yes,Dhaka,1,35,No Deal,Yes,No,No,,No,No,No,No,No,No,No,No,Two Year,No,Credit Card,152.62,152.62,0.0,0.0,225.68,378.3,Joined,Not Applicable,Not Applicable,Likely to Churn,83.47
27465-SYL,Female,50,No,Sylhet,10,30,No Deal,Yes,No,No,,No,No,No,No,No,No,No,No,Month-to-Month,No,Credit Card,148.88,148.88,0.0,0.0,123.52,272.4,Joined,Not Applicable,Not Applicable,Likely to Churn,97.81
54195-DHK,Female,61,Yes,Dhaka,11,23,No Deal,Yes,No,No,,No,No,No,No,No,No,No,No,Month-to-Month,No,Bank Withdrawal,148.12,148.12,0.0,0.0,282.15,430.27,Joined,Not Applicable,Not Applicable,Likely to Churn,97.1
38748-RAJ,Female,22,Yes,Rajshahi,13,6,No Deal,Yes,No,No,,No,No,No,No,No,No,No,No,Month-to-Month,No,Bank Withdrawal,147.38,147.38,0.0,0.0,209.1,356.48,Joined,Not Applicable,Not Applicable,Likely to Churn,96.66
78918-CTG,Female,59,No,Chattogram,12,11,Deal 5,Yes,No,Yes,Fiber Optic,Yes,No,No,No,No,Yes,Yes,Yes,Month-to-Month,Yes,Credit Card,645.38,1836.38,0.0,0.0,410.85,2247.22,Joined,Not Applicable,Not Applicable,Likely to Churn,83.02
99515-MYM,Male,34,No,Mymensingh,11,11,No Deal,Yes,Yes,Yes,Mobile Broadband,No,No,No,Yes,Yes,No,No,Yes,Month-to-Month,Yes,Credit Card,489.38,1574.25,0.0,0.0,960.3,2534.55,Joined,Not Applicable,Not Applicable,Likely to Churn,65.31
26902-RAJ,Male,52,Yes,Rajshahi,7,2,No Deal,Yes,No,Yes,Fiber Optic,No,No,No,Yes,Yes,Yes,Yes,Yes,Month-to-Month,Yes,Bank Withdrawal,718.88,718.88,0.0,0.0,20.25,739.12,Joined,Not Applicable,Not Applicable,Likely to Churn,98.29
97497-RAN,Male,24,Yes,Rangpur,9,8,Deal 5,Yes,No,Yes,Fiber Optic,No,Yes,No,No,No,No,No,Yes,Month-to-Month,Yes,Bank Withdrawal,374.25,374.25,0.0,0.0,47.62,421.88,Joined,Not Applicable,Not Applicable,Likely to Churn,98.44
28317-SYL,Female,29,Yes,Sylhet,14,6,No Deal,Yes,No,No,,No,No,No,No,No,No,No,No,Two Year,No,Mobile Banking (bKash/Nagad),143.25,390.0,0.0,0.0,1019.93,1409.93,Joined,Not Applicable,Not Applicable,Likely to Churn,67.66
32063-DHK,Female,63,Yes,Dhaka,6,31,Deal 5,Yes,No,No,,No,No,No,No,No,No,No,No,Month-to-Month,Yes,Credit Card,142.5,142.5,0.0,0.0,212.1,354.6,Joined,Not Applicable,Not Applicable,Likely to Churn,95.15
84843-SYL,Female,57,Yes,Sylhet,11,8,No Deal,Yes,Yes,Yes,Fiber Optic,No,No,No,No,No,No,No,Yes,Month-to-Month,Yes,Bank Withdrawal,563.25,563.25,0.0,0.0,33.98,597.22,Joined,Not Applicable,Not Applicable,Likely to Churn,99.1
43920-RAN,Female,38,No,Rangpur,9,3,Deal 5,Yes,No,Yes,Mobile Broadband,Yes,No,No,No,No,No,No,Yes,Month-to-Month,No,Credit Card,374.25,374.25,0.0,0.0,67.5,441.75,Joined,Not Applicable,Not Applicable,Likely to Churn,97.57
48939-CTG,Female,38,Yes,Chattogram,1,6,No Deal,Yes,No,Yes,Fiber Optic,No,Yes,No,No,No,No,No,Yes,Month-to-Month,No,Bank Withdrawal,374.62,374.62,0.0,0.0,337.35,711.98,Joined,Not Applicable,Not Applicable,Likely to Churn,98.46
67882-DHK,Female,44,No,Dhaka,3,16,Deal 5,Yes,No,Yes,Fiber Optic,No,No,No,No,No,No,No,Yes,Month-to-Month,No,Bank Withdrawal,328.5,328.5,0.0,0.0,281.25,609.75,Joined,Not Applicable,Not Applicable,Likely to Churn,98.09
18015-MYM,Female,28,Yes,Mymensingh,15,9,No Deal,Yes,No,Yes,Fiber Optic,No,No,No,Yes,No,No,No,Yes,Month-to-Month,Yes,Bank Withdrawal,374.25,374.25,0.0,0.0,111.97,486.22,Joined,Not Applicable,Not Applicable,Likely to Churn,97.66
12257-MYM,Female,39,No,Mymensingh,9,1,No Deal,Yes,No,No,,No,No,No,No,No,No,No,No,Month-to-Month,Yes,Credit Card,146.62,146.62,0.0,0.0,76.5,223.12,Joined,Not Applicable,Not Applicable,Likely to Churn,94.75
78253-RAN,Male,63,No,Rangpur,13,30,No Deal,Yes,No,Yes,Fiber Optic,No,Yes,No,No,No,Yes,Yes,Yes,Month-to-Month,Yes,Bank Withdrawal,637.5,637.5,0.0,0.0,114.0,751.5,Joined,Not Applicable,Not Applicable,Likely to Churn,98.89
66868-BAR,Female,25,Yes,Barishal,13,10,No Deal,Yes,No,Yes,Fiber Optic,No,No,No,No,No,No,No,No,Month-to-Month,Yes,Bank Withdrawal,526.88,526.88,0.0,75.0,75.38,677.25,Joined,Not Applicable,Not Applicable,Likely to Churn,98.82
33776-CTG,Male,32,Yes,Chattogram,6,10,No Deal,Yes,No,No,,No,No,No,No,No,No,No,No,Month-to-Month,No,Credit Card,144.0,144.0,0.0,0.0,269.1,413.1,Joined,Not Applicable,Not Applicable,Likely to Churn,96.05
16931-CTG,Female,39,Yes,Chattogram,8,23,Deal 5,Yes,No,No,,No,No,No,No,No,No,No,No,Month-to-Month,Yes,Credit Card,144.75,144.75,0.0,0.0,64.95,209.7,Joined,Not Applicable,Not Applicable,Likely to Churn,95.29
74518-MYM,Female,27,No,Mymensingh,13,13,Deal 5,Yes,No,Yes,Fiber Optic,No,No,No,No,No,No,No,Yes,Month-to-Month,No,Bank Withdrawal,333.38,620.25,0.0,0.0,280.5,900.75,Joined,Not Applicable,Not Applicable,Likely to Churn,94.68
83486-DHK,Male,34,No,Dhaka,5,4,Deal 5,Yes,No,Yes,Fiber Optic,No,No,Yes,No,No,No,No,Yes,Month-to-Month,No,Credit Card,565.12,565.12,0.0,0.0,291.68,856.8,Joined,Not Applicable,Not Applicable,Likely to Churn,98.54
38663-DHK,Male,42,No,Dhaka,7,15,Deal 5,Yes,No,No,,No,No,No,No,No,No,No,No,Month-to-Month,No,Credit Card,152.25,301.88,0.0,0.0,109.05,410.93,Joined,Not Applicable,Not Applicable,Likely to Churn,96.23
44655-RAJ,Male,41,Yes,Rajshahi,0,25,No Deal,Yes,No,Yes,Fiber Optic,No,No,No,Yes,No,No,No,Yes,Month-to-Month,Yes,Mobile Banking (bKash/Nagad),378.75,1108.12,0.0,0.0,593.55,1701.67,Joined,Not Applicable,Not Applicable,Likely to Churn,85.56
11751-KHU,Female,18,No,Khulna,5,7,Deal 5,No,No,Yes,Fiber Optic,No,No,No,No,No,No,No,Yes,Month-to-Month,No,Mobile Banking (bKash/Nagad),182.25,288.38,0.0,0.0,0.0,288.38,Joined,Not Applicable,Not Applicable,Likely to Churn,96.34
45213-RAJ,Female,25,Yes,Rajshahi,15,5,Deal 5,Yes,No,Yes,Mobile Broadband,Yes,No,No,No,No,Yes,Yes,Yes,Month-to-Month,Yes,Credit Card,459.0,944.62,0.0,0.0,480.9,1425.52,Joined,Not Applicable,Not Applicable,Likely to Churn,79.66
21165-DHK,Female,38,No,Dhaka,2,32,Deal 5,Yes,No,No,,No,No,No,No,No,No,No,No,Month-to-Month,No,Credit Card,149.62,286.12,0.0,0.0,518.55,804.68,Joined,Not Applicable,Not Applicable,Likely to Churn,94.81
83113-RAN,Male,35,No,Rangpur,8,30,No Deal,No,No,Yes,Fiber Optic,No,No,No,Yes,No,No,No,Yes,Month-to-Month,No,Credit Card,218.62,218.62,0.0,0.0,0.0,218.62,Joined,Not Applicable,Not Applicable,Likely to Churn,95.58
34319-DHK,Male,40,Yes,Dhaka,12,25,Deal 5,Yes,No,Yes,Fiber Optic,No,Yes,No,No,No,No,No,Yes,Month-to-Month,Yes,Credit Card,376.12,376.12,0.0,0.0,152.25,528.38,Joined,Not Applicable,Not Applicable,Likely to Churn,97.7
73044-KHU,Male,23,Yes,Khulna,15,5,No Deal,Yes,No,Yes,Fiber Optic,No,Yes,No,No,No,No,No,Yes,Month-to-Month,No,Credit Card,559.5,559.5,0.0,0.0,322.43,881.93,Joined,Not Applicable,Not Applicable,Likely to Churn,98.34
71689-BAR,Female,42,Yes,Barishal,3,19,No Deal,Yes,No,Yes,Fiber Optic,No,No,No,No,No,No,No,Yes,Month-to-Month,No,Credit Card,329.62,329.62,0.0,0.0,341.93,671.55,Joined,Not Applicable,Not Applicable,Likely to Churn,97.95
78885-KHU,Female,43,No,Khulna,2,5,Deal 5,Yes,No,No,,No,No,No,No,No,No,No,No,Month-to-Month,No,Credit Card,146.25,146.25,0.0,0.0,150.82,297.07,Joined,Not Applicable,Not Applicable,Likely to Churn,96.64
65987-KHU,Male,52,Yes,Khulna,9,34,Deal 5,Yes,Yes,Yes,Fiber Optic,Yes,Yes,No,No,No,No,No,Yes,Month-to-Month,No,Bank Withdrawal,458.62,458.62,0.0,0.0,128.03,586.65,Joined,Not Applicable,Not Applicable,Likely to Churn,97.22
94070-SYL,Female,21,Yes,Sylhet,8,3,No Deal,Yes,No,Yes,Fiber Optic,No,No,No,No,Yes,Yes,Yes,Yes,Month-to-Month,Yes,Bank Withdrawal,675.75,675.75,0.0,0.0,182.47,858.23,Joined,Not Applicable,Not Applicable,Likely to Churn,98.98
85031-RAN,Female,60,No,Rangpur,1,4,Deal 5,Yes,No,Yes,Fiber Optic,No,No,No,No,No,No,No,Yes,Month-to-Month,No,Bank Withdrawal,330.0,330.0,0.0,0.0,100.5,430.5,Joined,Not Applicable,Not Applicable,Likely to Churn,98.26
72469-SYL,Male,56,No,Sylhet,9,9,No Deal,Yes,No,Yes,Mobile Broadband,Yes,No,Yes,No,No,No,No,Yes,Month-to-Month,No,Credit Card,417.75,417.75,0.0,0.0,132.6,550.35,Joined,Not Applicable,Not Applicable,Likely to Churn,96.9
46792-SYL,Female,59,Yes,Sylhet,6,25,Deal 5,No,No,Yes,Fiber Optic,No,No,Yes,Yes,No,No,No,Yes,Month-to-Month,No,Credit Card,269.25,269.25,0.0,0.0,0.0,269.25,Joined,Not Applicable,Not Applicable,Likely to Churn,97.3
28873-KHU,Male,55,No,Khulna,7,4,No Deal,Yes,No,Yes,Fiber Optic,No,Yes,No,No,No,No,No,Yes,Month-to-Month,No,Bank Withdrawal,562.12,1138.12,0.0,0.0,56.4,1194.53,Joined,Not Applicable,Not Applicable,Likely to Churn,94.75
95748-DHK,Male,22,Yes,Dhaka,5,4,Deal 5,Yes,Yes,No,,No,No,No,No,No,No,No,No,Month-to-Month,No,Mobile Banking (bKash/Nagad),190.5,190.5,0.0,0.0,245.47,435.98,Joined,Not Applicable,Not Applicable,Likely to Churn,96.5
23683-RAJ,Male,26,No,Rajshahi,10,16,No Deal,Yes,No,No,,No,No,No,No,No,No,No,No,Month-to-Month,Yes,Credit Card,151.88,151.88,0.0,0.0,322.2,474.07,Joined,Not Applicable,Not Applicable,Likely to Churn,92.78
84789-BAR,Male,46,No,Barishal,9,19,Deal 5,Yes,No,Yes,Fiber Optic,No,Yes,Yes,Yes,Yes,Yes,Yes,Yes,Month-to-Month,Yes,Bank Withdrawal,809.62,2389.5,0.0,0.0,284.85,2674.35,Joined,Not Applicable,Not Applicable,Likely to Churn,86.43
84508-KHU,Female,28,Yes,Khulna,11,28,No Deal,Yes,No,No,,No,No,No,No,No,No,No,No,Month-to-Month,No,Credit Card,158.25,158.25,0.0,0.0,141.07,299.32,Joined,Not Applicable,Not Applicable,Likely to Churn,95.88
98301-CTG,Male,28,Yes,Chattogram,4,27,No Deal,Yes,No,Yes,Mobile Broadband,Yes,No,Yes,No,No,No,No,Yes,Month-to-Month,No,Bank Withdrawal,400.88,896.25,0.0,0.0,188.85,1085.1,Joined,Not Applicable,Not Applicable,Likely to Churn,82.62
16068-CTG,Female,44,Yes,Chattogram,4,25,Deal 5,No,No,Yes,Fiber Optic,No,No,No,No,No,No,No,No,Month-to-Month,No,Bank Withdrawal,189.38,189.38,0.0,75.0,0.0,264.38,Joined,Not Applicable,Not Applicable,Likely to Churn,97.89
42768-KHU,Female,45,No,Khulna,13,14,No Deal,Yes,No,No,,No,No,No,No,No,No,No,No,Month-to-Month,No,Credit Card,145.5,145.5,0.0,0.0,21.38,166.88,Joined,Not Applicable,Not Applicable,Likely to Churn,95.85
46619-RAN,Male,25,No,Rangpur,1,14,No Deal,Yes,No,No,,No,No,No,No,No,No,No,No,One Year,No,Credit Card,153.0,153.0,0.0,0.0,206.25,359.25,Joined,Not Applicable,Not Applicable,Likely to Churn,89.82
84613-CTG,Female,30,No,Chattogram,8,22,Deal 5,Yes,Yes,Yes,Fiber Optic,No,Yes,No,No,No,No,No,No,Month-to-Month,Yes,Credit Card,593.62,593.62,0.0,450.0,135.0,1178.62,Joined,Not Applicable,Not Applicable,Likely to Churn,96.47
91320-KHU,Female,58,No,Khulna,0,18,No Deal,Yes,No,Yes,Fiber Optic,No,No,No,No,No,No,No,Yes,Month-to-Month,No,Bank Withdrawal,525.75,525.75,0.0,0.0,8.62,534.38,Joined,Not Applicable,Not Applicable,Likely to Churn,98.49
39540-CTG,Female,34,No,Chattogram,12,13,No Deal,Yes,No,Yes,Mobile Broadband,No,No,No,Yes,No,No,No,Yes,Month-to-Month,No,Credit Card,367.88,367.88,0.0,0.0,193.28,561.15,Joined,Not Applicable,Not Applicable,Likely to Churn,98.09
19539-BAR,Female,37,Yes,Barishal,14,8,Deal 5,Yes,No,Yes,Fiber Optic,No,No,No,No,No,No,No,Yes,Month-to-Month,Yes,Credit Card,340.5,340.5,0.0,0.0,369.97,710.48,Joined,Not Applicable,Not Applicable,Likely to Churn,97.88
23256-BAR,Female,32,Yes,Barishal,10,31,Deal 5,Yes,No,No,,No,No,No,No,No,No,No,No,Month-to-Month,No,Bank Withdrawal,148.88,390.0,0.0,0.0,540.75,930.75,Joined,Not Applicable,Not Applicable,Likely to Churn,94.63
66164-SYL,Female,62,No,Sylhet,13,20,No Deal,Yes,No,No,,No,No,No,No,No,No,No,No,Month-to-Month,No,Credit Card,145.5,457.88,0.0,0.0,99.75,557.62,Joined,Not Applicable,Not Applicable,Likely to Churn,90.84
45038-CTG,Female,25,Yes,Chattogram,7,14,No Deal,Yes,No,Yes,Fiber Optic,Yes,No,No,No,No,No,No,Yes,Month-to-Month,Yes,Bank Withdrawal,559.12,1752.38,0.0,0.0,227.25,1979.62,Joined,Not Applicable,Not Applicable,Likely to Churn,85.48
58974-SYL,Male,34,No,Sylhet,11,14,No Deal,Yes,No,No,,No,No,No,No,No,No,No,No,Month-to-Month,No,Credit Card,152.25,309.0,0.0,0.0,190.2,499.2,Joined,Not Applicable,Not Applicable,Likely to Churn,97.08
94243-KHU,Female,34,No,Khulna,5,15,No Deal,Yes,No,No,,No,No,No,No,No,No,No,No,Month-to-Month,Yes,Credit Card,149.25,149.25,0.0,0.0,58.2,207.45,Joined,Not Applicable,Not Applicable,Likely to Churn,93.55
92398-RAJ,Male,35,No,Rajshahi,5,12,Deal 5,Yes,No,No,,No,No,No,No,No,No,No,No,Month-to-Month,Yes,Credit Card,150.0,462.75,0.0,0.0,345.82,808.58,Joined,Not Applicable,Not Applicable,Likely to Churn,72.6
84535-KHU,Male,46,No,Khulna,2,36,No Deal,Yes,No,No,,No,No,No,No,No,No,No,No,Month-to-Month,No,Mobile Banking (bKash/Nagad),153.0,321.75,0.0,0.0,742.95,1064.7,Joined,Not Applicable,Not Applicable,Likely to Churn,77.04
72971-KHU,Female,81,No,Khulna,6,8,No Deal,Yes,No,Yes,Fiber Optic,No,No,No,Yes,No,No,No,Yes,One Year,No,Bank Withdrawal,560.25,560.25,0.0,0.0,207.38,767.62,Joined,Not Applicable,Not Applicable,Likely to Churn,62.43
56554-RAN,Female,29,Yes,Rangpur,0,11,Deal 5,Yes,No,No,,No,No,No,No,No,No,No,No,Month-to-Month,Yes,Credit Card,148.12,148.12,0.0,0.0,76.65,224.77,Joined,Not Applicable,Not Applicable,Likely to Churn,94.27
86362-MYM,Female,35,Yes,Mymensingh,15,11,No Deal,Yes,No,Yes,Fiber Optic,No,No,No,Yes,No,No,No,Yes,Month-to-Month,Yes,Mobile Banking (bKash/Nagad),557.25,557.25,0.0,0.0,296.62,853.88,Joined,Not Applicable,Not Applicable,Likely to Churn,97.79
64327-RAJ,Female,59,Yes,Rajshahi,8,9,No Deal,Yes,No,No,,No,No,No,No,No,No,No,No,Month-to-Month,Yes,Credit Card,154.88,154.88,0.0,0.0,264.3,419.18,Joined,Not Applicable,Not Applicable,Likely to Churn,95.63
84687-BAR,Female,31,No,Barishal,0,18,Deal 5,No,No,Yes,Mobile Broadband,No,No,No,No,No,No,No,No,Month-to-Month,No,Credit Card,185.25,185.25,0.0,525.0,0.0,710.25,Joined,Not Applicable,Not Applicable,Likely to Churn,96.67
28239-DHK,Female,55,Yes,Dhaka,0,5,No Deal,Yes,No,No,,No,No,No,No,No,No,No,No,Month-to-Month,No,Credit Card,149.62,149.62,0.0,0.0,291.3,440.93,Joined,Not Applicable,Not Applicable,Likely to Churn,96.13
42574-MYM,Female,25,No,Mymensingh,5,3,No Deal,Yes,No,No,,No,No,No,No,No,No,No,No,Month-to-Month,No,Credit Card,146.62,146.62,0.0,0.0,61.73,208.35,Joined,Not Applicable,Not Applicable,Likely to Churn,95.93
71261-KHU,Female,59,No,Khulna,2,27,No Deal,Yes,No,Yes,Mobile Broadband,Yes,Yes,No,Yes,No,Yes,Yes,Yes,Month-to-Month,Yes,Bank Withdrawal,528.38,528.38,0.0,0.0,150.75,679.12,Joined,Not Applicable,Not Applicable,Likely to Churn,97.38
14567-KHU,Male,43,No,Khulna,1,9,No Deal,Yes,No,No,,No,No,No,No,No,No,No,No,Month-to-Month,No,Credit Card,152.62,152.62,0.0,0.0,330.68,483.3,Joined,Not Applicable,Not Applicable,Likely to Churn,96.13
77688-KHU,Male,35,No,Khulna,4,13,No Deal,Yes,No,Yes,Fiber Optic,No,No,No,Yes,No,No,No,Yes,Month-to-Month,No,Credit Card,367.5,367.5,0.0,0.0,368.92,736.42,Joined,Not Applicable,Not Applicable,Likely to Churn,97.65
53612-DHK,Female,39,Yes,Dhaka,8,34,No Deal,Yes,No,No,,No,No,No,No,No,No,No,No,Month-to-Month,No,Credit Card,156.38,540.0,0.0,0.0,264.83,804.83,Joined,Not Applicable,Not Applicable,Likely to Churn,65.56
13058-SYL,Female,58,No,Sylhet,13,22,No Deal,Yes,No,Yes,Fiber Optic,No,No,No,No,No,No,No,Yes,Month-to-Month,Yes,Mobile Banking (bKash/Nagad),345.75,976.12,0.0,0.0,59.85,1035.97,Joined,Not Applicable,Not Applicable,Likely to Churn,96.03
23729-DHK,Female,58,No,Dhaka,14,19,Deal 5,Yes,No,No,,No,No,No,No,No,No,No,No,Month-to-Month,Yes,Credit Card,147.38,291.0,0.0,0.0,144.15,435.15,Joined,Not Applicable,Not Applicable,Likely to Churn,95.24
12136-RAN,Female,25,Yes,Rangpur,2,35,No Deal,Yes,No,No,,No,No,No,No,No,No,No,No,Month-to-Month,No,Bank Withdrawal,149.25,149.25,0.0,0.0,88.72,237.97,Joined,Not Applicable,Not Applicable,Likely to Churn,97.12
35658-CTG,Male,35,No,Chattogram,2,16,No Deal,Yes,No,No,,No,No,No,No,No,No,No,No,Month-to-Month,No,Mobile Banking (bKash/Nagad),153.38,153.38,0.0,0.0,297.07,450.45,Joined,Not Applicable,Not Applicable,Likely to Churn,96.27
63487-DHK,Female,36,Yes,Dhaka,8,34,No Deal,Yes,No,Yes,Mobile Broadband,No,No,No,No,No,No,No,Yes,Month-to-Month,No,Credit Card,335.62,335.62,0.0,0.0,306.52,642.15,Joined,Not Applicable,Not Applicable,Likely to Churn,97.1
86289-DHK,Male,27,No,Dhaka,4,27,No Deal,Yes,No,No,,No,No,No,No,No,No,No,No,Month-to-Month,No,Credit Card,152.25,152.25,0.0,0.0,218.93,371.18,Joined,Not Applicable,Not Applicable,Likely to Churn,95.94
32586-DHK,Female,25,No,Dhaka,15,10,No Deal,Yes,Yes,No,,No,No,No,No,No,No,No,No,Month-to-Month,Yes,Credit Card,-60.0,193.12,0.0,0.0,114.15,307.27,Joined,Not Applicable,Not Applicable,Likely to Churn,94.81
66749-RAJ,Female,47,No,Rajshahi,9,5,No Deal,Yes,No,No,,No,No,No,No,No,No,No,No,Month-to-Month,No,Credit Card,155.62,155.62,0.0,0.0,272.1,427.73,Joined,Not Applicable,Not Applicable,Likely to Churn,96.45
53295-CTG,Female,35,No,Chattogram,7,33,Deal 5,Yes,Yes,No,,No,No,No,No,No,No,No,No,Month-to-Month,Yes,Bank Withdrawal,192.75,192.75,0.0,0.0,328.8,521.55,Joined,Not Applicable,Not Applicable,Likely to Churn,96.08
15349-DHK,Male,47,Yes,Dhaka,9,12,Deal 5,Yes,Yes,Yes,Fiber Optic,No,No,No,No,No,No,No,Yes,Month-to-Month,Yes,Bank Withdrawal,376.12,376.12,0.0,0.0,299.02,675.15,Joined,Not Applicable,Not Applicable,Likely to Churn,98.56
28281-KHU,Male,56,Yes,Khulna,8,32,Deal 5,Yes,No,Yes,Fiber Optic,No,No,No,No,No,Yes,Yes,Yes,Month-to-Month,Yes,Bank Withdrawal,602.62,1903.5,0.0,0.0,1116.67,3020.18,Joined,Not Applicable,Not Applicable,Likely to Churn,78.38
88111-DHK,Female,52,Yes,Dhaka,15,32,No Deal,Yes,No,Yes,Fiber Optic,Yes,Yes,No,Yes,No,No,No,Yes,Month-to-Month,Yes,Credit Card,625.5,625.5,0.0,0.0,322.95,948.45,Joined,Not Applicable,Not Applicable,Likely to Churn,96.94
12490-RAJ,Female,52,No,Rajshahi,9,6,No Deal,Yes,No,Yes,Fiber Optic,No,No,Yes,No,No,No,No,Yes,Month-to-Month,Yes,Mobile Banking (bKash/Nagad),560.62,1785.75,291.3,0.0,281.25,1775.7,Joined,Not Applicable,Not Applicable,Likely to Churn,92.09
34024-RAJ,Female,45,Yes,Rajshahi,4,21,No Deal,Yes,No,No,,No,No,No,No,No,No,No,No,Month-to-Month,No,Credit Card,150.38,150.38,0.0,0.0,57.45,207.83,Joined,Not Applicable,Not Applicable,Likely to Churn,96.32
71752-RAJ,Female,51,No,Rajshahi,4,2,Deal 5,Yes,No,No,,No,No,No,No,No,No,No,No,Month-to-Month,No,Bank Withdrawal,149.25,430.5,0.0,0.0,403.5,834.0,Joined,Not Applicable,Not Applicable,Likely to Churn,84.4
62968-DHK,Female,18,No,Dhaka,4,3,No Deal,Yes,No,Yes,Mobile Broadband,No,No,No,Yes,No,Yes,Yes,Yes,Month-to-Month,Yes,Credit Card,446.62,446.62,0.0,0.0,310.43,757.05,Joined,Not Applicable,Not Applicable,Likely to Churn,96.26
68826-DHK,Male,48,No,Dhaka,14,1,No Deal,No,No,Yes,Mobile Broadband,No,No,No,No,No,No,No,No,Month-to-Month,Yes,Bank Withdrawal,185.25,185.25,0.0,0.0,0.0,185.25,Joined,Not Applicable,Not Applicable,Likely to Churn,96.41
36017-KHU,Female,52,Yes,Khulna,15,23,No Deal,Yes,No,No,,No,No,No,No,No,No,No,No,Month-to-Month,No,Credit Card,146.62,146.62,0.0,0.0,304.73,451.35,Joined,Not Applicable,Not Applicable,Likely to Churn,96.22
32563-KHU,Female,34,Yes,Khulna,3,22,No Deal,Yes,No,Yes,Fiber Optic,No,No,No,No,No,No,No,No,Month-to-Month,Yes,Bank Withdrawal,523.5,1099.88,0.0,75.0,167.85,1342.72,Joined,Not Applicable,Not Applicable,Likely to Churn,96.32
36284-MYM,Male,43,Yes,Mymensingh,4,13,No Deal,Yes,No,Yes,Fiber Optic,No,No,No,No,No,No,No,Yes,Month-to-Month,No,Bank Withdrawal,334.12,334.12,0.0,0.0,308.25,642.38,Joined,Not Applicable,Not Applicable,Likely to Churn,98.12
46378-DHK,Female,59,Yes,Dhaka,15,10,No Deal,Yes,No,Yes,Fiber Optic,No,No,No,No,No,No,No,Yes,Month-to-Month,Yes,Credit Card,528.0,1161.0,0.0,0.0,112.35,1273.35,Joined,Not Applicable,Not Applicable,Likely to Churn,93.42
44202-RAJ,Female,50,Yes,Rajshahi,9,14,No Deal,Yes,No,Yes,Fiber Optic,No,No,No,No,No,No,No,Yes,Month-to-Month,Yes,Credit Card,524.62,524.62,0.0,0.0,85.88,610.5,Joined,Not Applicable,Not Applicable,Likely to Churn,97.61
17154-BAR,Male,32,No,Barishal,13,4,No Deal,Yes,No,No,,No,No,No,No,No,No,No,No,One Year,No,Mobile Banking (bKash/Nagad),141.0,141.0,0.0,0.0,326.77,467.77,Joined,Not Applicable,Not Applicable,Likely to Churn,92.06
19837-KHU,Female,57,Yes,Khulna,4,6,No Deal,No,No,Yes,Mobile Broadband,No,Yes,No,No,Yes,Yes,Yes,Yes,Month-to-Month,No,Bank Withdrawal,385.5,726.0,0.0,0.0,0.0,726.0,Joined,Not Applicable,Not Applicable,Likely to Churn,96.24
13666-RAN,Male,57,Yes,Rangpur,15,16,No Deal,Yes,No,Yes,Fiber Optic,No,Yes,No,No,Yes,Yes,Yes,Yes,Month-to-Month,No,Bank Withdrawal,715.5,2198.62,0.0,0.0,382.73,2581.35,Joined,Not Applicable,Not Applicable,Likely to Churn,87.3
48307-CTG,Female,56,No,Chattogram,4,15,Deal 5,Yes,No,Yes,Mobile Broadband,No,No,Yes,No,Yes,Yes,Yes,No,One Year,Yes,Bank Withdrawal,524.62,1653.38,0.0,225.0,663.98,2542.35,Joined,Not Applicable,Not Applicable,Likely to Churn,56.63
26412-MYM,Female,30,No,Mymensingh,7,18,No Deal,Yes,No,No,,No,No,No,No,No,No,No,No,Month-to-Month,Yes,Bank Withdrawal,155.25,298.88,0.0,0.0,208.35,507.22,Joined,Not Applicable,Not Applicable,Likely to Churn,94.72
86891-RAN,Male,25,No,Rangpur,7,5,No Deal,Yes,No,No,,No,No,No,No,No,No,No,No,Month-to-Month,No,Credit Card,150.38,150.38,0.0,0.0,136.12,286.5,Joined,Not Applicable,Not Applicable,Likely to Churn,95.75
34101-KHU,Female,41,No,Khulna,5,35,No Deal,Yes,No,No,,No,No,No,No,No,No,No,No,Month-to-Month,No,Bank Withdrawal,151.5,379.5,0.0,0.0,414.68,794.17,Joined,Not Applicable,Not Applicable,Likely to Churn,96.03
63464-RAJ,Male,48,No,Rajshahi,7,5,No Deal,Yes,No,Yes,Fiber Optic,No,No,No,Yes,No,Yes,Yes,Yes,Month-to-Month,No,Credit Card,454.88,1476.75,0.0,0.0,506.02,1982.78,Joined,Not Applicable,Not Applicable,Likely to Churn,63.83
92134-CTG,Male,24,No,Chattogram,5,11,No Deal,No,No,Yes,Fiber Optic,No,No,No,No,Yes,No,No,Yes,Month-to-Month,Yes,Credit Card,261.0,854.62,0.0,0.0,0.0,854.62,Joined,Not Applicable,Not Applicable,Likely to Churn,80.04
48051-RAN,Female,49,Yes,Rangpur,0,36,No Deal,No,No,Yes,Fiber Optic,No,No,No,No,No,No,No,Yes,One Year,No,Credit Card,193.88,193.88,0.0,0.0,0.0,193.88,Joined,Not Applicable,Not Applicable,Likely to Churn,90.83
19811-DHK,Female,35,Yes,Dhaka,10,7,Deal 5,Yes,No,Yes,Fiber Optic,Yes,Yes,No,No,Yes,No,No,Yes,Month-to-Month,No,Bank Withdrawal,673.88,1863.0,0.0,0.0,749.25,2612.25,Joined,Not Applicable,Not Applicable,Likely to Churn,80.7
82473-RAJ,Male,63,Yes,Rajshahi,10,1,Deal 5,No,No,Yes,Fiber Optic,No,Yes,No,No,No,No,No,Yes,Month-to-Month,No,Credit Card,223.5,708.0,0.0,0.0,0.0,708.0,Joined,Not Applicable,Not Applicable,Likely to Churn,84.29
89512-SYL,Male,57,No,Sylhet,3,34,No Deal,Yes,Yes,Yes,Fiber Optic,Yes,Yes,No,No,No,No,No,Yes,Month-to-Month,No,Bank Withdrawal,457.12,1009.5,0.0,0.0,223.2,1232.7,Joined,Not Applicable,Not Applicable,Likely to Churn,86.92
27553-DHK,Female,53,Yes,Dhaka,0,18,No Deal,Yes,No,No,,No,No,No,No,No,No,No,No,Month-to-Month,No,Credit Card,152.25,152.25,0.0,0.0,30.67,182.93,Joined,Not Applicable,Not Applicable,Likely to Churn,95.98
83196-DHK,Female,61,Yes,Dhaka,3,10,No Deal,Yes,Yes,Yes,Fiber Optic,Yes,No,No,No,No,No,No,Yes,Month-to-Month,No,Credit Card,604.12,1410.75,0.0,0.0,79.5,1490.25,Joined,Not Applicable,Not Applicable,Likely to Churn,86.73
95735-BAR,Female,53,No,Barishal,10,21,No Deal,Yes,No,No,,No,No,No,No,No,No,No,No,Month-to-Month,No,Credit Card,144.38,362.62,0.0,0.0,317.7,680.32,Joined,Not Applicable,Not Applicable,Likely to Churn,94.42
52279-KHU,Male,53,No,Khulna,15,26,Deal 5,Yes,No,Yes,Fiber Optic,No,No,No,No,Yes,No,No,Yes,Month-to-Month,Yes,Bank Withdrawal,605.25,1795.88,0.0,0.0,533.7,2329.58,Joined,Not Applicable,Not Applicable,Likely to Churn,90.12
45672-KHU,Female,29,No,Khulna,0,2,No Deal,Yes,No,No,,No,No,No,No,No,No,No,No,Month-to-Month,No,Mobile Banking (bKash/Nagad),151.5,151.5,0.0,0.0,316.12,467.62,Joined,Not Applicable,Not Applicable,Likely to Churn,95.63
19541-MYM,Female,37,Yes,Mymensingh,15,14,Deal 5,Yes,No,Yes,Mobile Broadband,No,No,No,No,No,No,No,Yes,Month-to-Month,Yes,Credit Card,339.38,556.5,0.0,0.0,592.5,1149.0,Joined,Not Applicable,Not Applicable,Likely to Churn,86.9
79777-DHK,Male,77,Yes,Dhaka,13,33,No Deal,Yes,Yes,Yes,Fiber Optic,No,No,No,No,No,No,No,Yes,Month-to-Month,Yes,Mobile Banking (bKash/Nagad),544.5,1157.25,0.0,0.0,227.85,1385.1,Joined,Not Applicable,Not Applicable,Likely to Churn,95.71
95822-RAJ,Male,34,Yes,Rajshahi,3,26,No Deal,Yes,No,No,,No,No,No,No,No,No,No,No,Month-to-Month,Yes,Credit Card,144.0,144.0,0.0,0.0,134.18,278.18,Joined,Not Applicable,Not Applicable,Likely to Churn,94.12
97828-DHK,Female,57,No,Dhaka,0,12,Deal 5,Yes,No,Yes,Fiber Optic,No,No,No,No,Yes,Yes,Yes,Yes,Month-to-Month,Yes,Bank Withdrawal,690.0,2001.0,0.0,0.0,351.0,2352.0,Joined,Not Applicable,Not Applicable,Likely to Churn,92.14
54564-RAJ,Female,55,Yes,Rajshahi,11,7,No Deal,Yes,Yes,Yes,Fiber Optic,No,No,No,No,No,No,No,Yes,Month-to-Month,No,Bank Withdrawal,570.75,1932.0,0.0,0.0,322.88,2254.88,Joined,Not Applicable,Not Applicable,Likely to Churn,84.88
84720-RAN,Male,55,Yes,Rangpur,11,6,No Deal,Yes,No,No,,No,No,No,No,No,No,No,No,Month-to-Month,No,Credit Card,144.0,144.0,0.0,0.0,245.85,389.85,Joined,Not Applicable,Not Applicable,Likely to Churn,96.4
39623-BAR,Female,85,No,Barishal,2,10,Deal 5,Yes,No,Yes,Fiber Optic,No,Yes,No,No,No,No,No,No,Month-to-Month,Yes,Bank Withdrawal,559.5,1792.88,0.0,225.0,888.98,2906.85,Joined,Not Applicable,Not Applicable,Likely to Churn,94.67
53186-BAR,Male,74,Yes,Barishal,10,2,Deal 5,Yes,No,Yes,Fiber Optic,No,No,No,No,No,No,No,Yes,One Year,No,Bank Withdrawal,339.38,339.38,0.0,0.0,89.18,428.55,Joined,Not Applicable,Not Applicable,Likely to Churn,94.5
82010-CTG,Female,46,No,Chattogram,14,7,Deal 5,Yes,Yes,Yes,Fiber Optic,No,Yes,No,No,No,No,No,Yes,Month-to-Month,No,Bank Withdrawal,596.62,1138.12,0.0,0.0,383.4,1521.53,Joined,Not Applicable,Not Applicable,Likely to Churn,95.08
46865-BAR,Female,18,No,Barishal,11,1,Deal 5,Yes,Yes,Yes,Fiber Optic,No,Yes,No,No,No,No,No,Yes,Month-to-Month,Yes,Bank Withdrawal,595.88,1088.62,0.0,0.0,429.15,1517.78,Joined,Not Applicable,Not Applicable,Likely to Churn,97.06
99488-KHU,Male,50,Yes,Khulna,10,31,No Deal,No,No,Yes,Fiber Optic,No,No,No,No,No,No,No,Yes,Month-to-Month,No,Credit Card,183.0,183.0,0.0,0.0,0.0,183.0,Joined,Not Applicable,Not Applicable,Likely to Churn,96.59
73547-KHU,Female,43,Yes,Khulna,13,16,No Deal,Yes,Yes,Yes,Fiber Optic,No,No,No,No,Yes,No,No,Yes,Month-to-Month,Yes,Bank Withdrawal,630.38,1005.38,0.0,0.0,333.45,1338.82,Joined,Not Applicable,Not Applicable,Likely to Churn,96.04
12469-RAJ,Male,24,Yes,Rajshahi,11,4,No Deal,Yes,No,Yes,Fiber Optic,No,No,No,No,Yes,No,No,Yes,Month-to-Month,Yes,Credit Card,414.75,414.75,0.0,0.0,275.17,689.92,Joined,Not Applicable,Not Applicable,Likely to Churn,96.7
77137-DHK,Male,52,No,Dhaka,1,8,Deal 5,Yes,No,Yes,Fiber Optic,No,No,No,No,No,No,No,Yes,Month-to-Month,Yes,Mobile Banking (bKash/Nagad),341.62,341.62,0.0,0.0,122.55,464.18,Joined,Not Applicable,Not Applicable,Likely to Churn,97.77
35075-BAR,Male,64,Yes,Barishal,5,9,No Deal,Yes,No,Yes,Mobile Broadband,No,No,Yes,Yes,No,No,No,Yes,Month-to-Month,No,Credit Card,412.88,412.88,0.0,0.0,109.88,522.75,Joined,Not Applicable,Not Applicable,Likely to Churn,97.86
61474-RAJ,Male,52,Yes,Rajshahi,11,17,No Deal,Yes,No,No,,No,No,No,No,No,No,No,No,Month-to-Month,No,Credit Card,152.62,152.62,0.0,0.0,239.77,392.4,Joined,Not Applicable,Not Applicable,Likely to Churn,96.22
63883-KHU,Female,33,Yes,Khulna,12,26,No Deal,Yes,No,No,,No,No,No,No,No,No,No,No,Month-to-Month,Yes,Mobile Banking (bKash/Nagad),153.38,318.38,0.0,0.0,707.85,1026.23,Joined,Not Applicable,Not Applicable,Likely to Churn,88.48
19041-RAJ,Female,36,No,Rajshahi,6,21,Deal 5,No,No,Yes,Mobile Broadband,Yes,No,No,Yes,No,No,No,Yes,Month-to-Month,No,Credit Card,263.25,758.25,0.0,0.0,0.0,758.25,Joined,Not Applicable,Not Applicable,Likely to Churn,76.45
74378-KHU,Female,37,Yes,Khulna,12,30,No Deal,Yes,No,Yes,Fiber Optic,Yes,No,No,Yes,No,No,No,Yes,Month-to-Month,Yes,Credit Card,408.38,654.75,0.0,0.0,298.05,952.8,Joined,Not Applicable,Not Applicable,Likely to Churn,95.05
23605-DHK,Female,31,Yes,Dhaka,1,19,No Deal,Yes,No,No,,No,No,No,No,No,No,No,No,Month-to-Month,No,Credit Card,155.62,155.62,0.0,0.0,56.78,212.4,Joined,Not Applicable,Not Applicable,Likely to Churn,95.61
22765-DHK,Female,40,Yes,Dhaka,6,16,Deal 5,Yes,No,No,,No,No,No,No,No,No,No,No,Month-to-Month,No,Bank Withdrawal,145.88,145.88,0.0,0.0,123.3,269.18,Joined,Not Applicable,Not Applicable,Likely to Churn,97.3
93521-DHK,Female,55,No,Dhaka,6,35,No Deal,Yes,No,Yes,Fiber Optic,No,No,No,Yes,No,No,No,No,Month-to-Month,Yes,Bank Withdrawal,-7.5,369.75,0.0,75.0,112.28,557.02,Joined,Not Applicable,Not Applicable,Likely to Churn,96.03
94305-KHU,Male,49,Yes,Khulna,5,18,Deal 5,Yes,No,No,,No,No,No,No,No,No,No,No,Month-to-Month,No,Bank Withdrawal,148.12,148.12,0.0,0.0,39.9,188.03,Joined,Not Applicable,Not Applicable,Likely to Churn,97.48
15591-KHU,Female,26,No,Khulna,3,31,No Deal,Yes,No,No,,No,No,No,No,No,No,No,No,Month-to-Month,No,Credit Card,153.0,153.0,0.0,0.0,344.32,497.33,Joined,Not Applicable,Not Applicable,Likely to Churn,95.94
98334-SYL,Male,67,Yes,Sylhet,15,20,No Deal,Yes,No,No,,No,No,No,No,No,No,No,No,Month-to-Month,No,Bank Withdrawal,151.5,494.62,0.0,0.0,715.73,1210.35,Joined,Not Applicable,Not Applicable,Likely to Churn,61.19
47737-DHK,Male,42,No,Dhaka,15,25,No Deal,Yes,No,No,,No,No,No,No,No,No,No,No,Month-to-Month,No,Credit Card,147.38,147.38,0.0,0.0,126.83,274.2,Joined,Not Applicable,Not Applicable,Likely to Churn,96.22
24696-CTG,Female,69,Yes,Chattogram,0,20,Deal 5,Yes,No,Yes,Fiber Optic,No,No,No,No,No,No,No,Yes,Month-to-Month,No,Bank Withdrawal,329.62,638.25,0.0,0.0,286.35,924.6,Joined,Not Applicable,Not Applicable,Likely to Churn,95.6
18829-KHU,Female,49,Yes,Khulna,4,31,Deal 5,Yes,No,No,,No,No,No,No,No,No,No,No,Month-to-Month,No,Credit Card,141.0,420.0,0.0,0.0,148.72,568.73,Joined,Not Applicable,Not Applicable,Likely to Churn,89.37
72391-DHK,Male,35,No,Dhaka,1,7,No Deal,No,No,Yes,Fiber Optic,No,No,No,No,No,Yes,Yes,Yes,Month-to-Month,No,Bank Withdrawal,262.5,262.5,0.0,0.0,0.0,262.5,Joined,Not Applicable,Not Applicable,Likely to Churn,97.5
77230-RAN,Female,59,Yes,Rangpur,5,4,No Deal,Yes,No,No,,No,No,No,No,No,No,No,No,Month-to-Month,Yes,Bank Withdrawal,147.38,234.0,0.0,0.0,117.0,351.0,Joined,Not Applicable,Not Applicable,Likely to Churn,96.1
19998-RAJ,Female,18,No,Rajshahi,0,2,Deal 5,Yes,No,Yes,Fiber Optic,No,No,Yes,No,No,Yes,Yes,Yes,Month-to-Month,No,Credit Card,642.75,1925.62,0.0,0.0,671.4,2597.02,Joined,Not Applicable,Not Applicable,Likely to Churn,76.31
36483-KHU,Male,42,No,Khulna,2,14,No Deal,Yes,No,No,,No,No,No,No,No,No,No,No,Month-to-Month,No,Credit Card,148.12,148.12,0.0,0.0,118.27,266.4,Joined,Not Applicable,Not Applicable,Likely to Churn,95.61
54598-KHU,Male,59,No,Khulna,11,32,No Deal,Yes,No,No,,No,No,No,No,No,No,No,No,Month-to-Month,No,Credit Card,148.12,294.75,0.0,0.0,29.55,324.3,Joined,Not Applicable,Not Applicable,Likely to Churn,96.89
66669-BAR,Male,44,No,Barishal,12,32,Deal 5,Yes,No,Yes,Mobile Broadband,No,No,No,No,No,No,No,Yes,Month-to-Month,Yes,Bank Withdrawal,330.38,330.38,0.0,0.0,230.47,560.85,Joined,Not Applicable,Not Applicable,Likely to Churn,97.92
33773-DHK,Male,58,Yes,Dhaka,3,6,Deal 5,Yes,No,No,,No,No,No,No,No,No,No,No,Month-to-Month,No,Credit Card,154.5,154.5,0.0,0.0,11.1,165.6,Joined,Not Applicable,Not Applicable,Likely to Churn,97.23
43877-BAR,Male,23,No,Barishal,6,3,No Deal,Yes,No,Yes,Fiber Optic,No,No,Yes,No,No,Yes,Yes,Yes,Month-to-Month,No,Bank Withdrawal,456.38,835.5,0.0,0.0,228.75,1064.25,Joined,Not Applicable,Not Applicable,Likely to Churn,91.03
16764-CTG,Male,40,No,Chattogram,15,13,Deal 5,Yes,No,No,,No,No,No,No,No,No,No,No,Month-to-Month,No,Credit Card,156.0,156.0,0.0,0.0,361.05,517.05,Joined,Not Applicable,Not Applicable,Likely to Churn,96.64
95991-SYL,Female,37,Yes,Sylhet,0,32,No Deal,Yes,No,Yes,Mobile Broadband,No,No,No,Yes,No,No,No,Yes,Month-to-Month,Yes,Credit Card,376.88,1142.25,0.0,0.0,634.27,1776.53,Joined,Not Applicable,Not Applicable,Likely to Churn,80.04
56256-DHK,Male,40,No,Dhaka,14,15,No Deal,Yes,No,Yes,Fiber Optic,No,No,No,No,No,No,No,Yes,Month-to-Month,Yes,Credit Card,527.25,1653.0,0.0,0.0,219.15,1872.15,Joined,Not Applicable,Not Applicable,Likely to Churn,86.52
32587-DHK,Female,30,No,Dhaka,1,27,No Deal,Yes,No,Yes,Mobile Broadband,No,No,No,No,No,No,No,Yes,Month-to-Month,No,Credit Card,340.88,1062.75,0.0,0.0,458.32,1521.08,Joined,Not Applicable,Not Applicable,Likely to Churn,76.29
86970-RAJ,Male,57,Yes,Rajshahi,2,9,No Deal,Yes,No,Yes,Fiber Optic,No,Yes,No,No,No,No,No,No,Month-to-Month,No,Bank Withdrawal,371.25,371.25,0.0,225.0,127.42,723.67,Joined,Not Applicable,Not Applicable,Likely to Churn,98.61
66766-DHK,Female,38,No,Dhaka,6,10,Deal 5,Yes,Yes,Yes,Fiber Optic,No,No,No,No,No,No,No,Yes,Month-to-Month,Yes,Bank Withdrawal,562.12,1593.0,207.0,0.0,36.9,1422.9,Joined,Not Applicable,Not Applicable,Likely to Churn,94.64
34713-RAJ,Male,58,Yes,Rajshahi,1,29,Deal 5,Yes,Yes,Yes,Fiber Optic,Yes,No,No,No,No,Yes,Yes,Yes,Month-to-Month,No,Credit Card,680.62,1310.62,0.0,0.0,407.55,1718.17,Joined,Not Applicable,Not Applicable,Likely to Churn,89.21
82170-KHU,Male,41,No,Khulna,5,29,No Deal,Yes,No,Yes,Fiber Optic,No,No,No,No,No,No,No,Yes,Month-to-Month,No,Mobile Banking (bKash/Nagad),334.5,334.5,0.0,0.0,339.6,674.1,Joined,Not Applicable,Not Applicable,Likely to Churn,97.71
74033-MYM,Female,45,Yes,Mymensingh,15,20,No Deal,No,No,Yes,Mobile Broadband,No,No,No,No,No,No,No,Yes,Month-to-Month,No,Bank Withdrawal,189.38,189.38,0.0,0.0,0.0,189.38,Joined,Not Applicable,Not Applicable,Likely to Churn,97.28
32966-BAR,Female,23,No,Barishal,3,7,No Deal,Yes,No,No,,No,No,No,No,No,No,No,No,Month-to-Month,No,Bank Withdrawal,144.0,144.0,0.0,0.0,197.78,341.77,Joined,Not Applicable,Not Applicable,Likely to Churn,96.94
94124-DHK,Female,21,No,Dhaka,9,8,No Deal,Yes,No,Yes,Fiber Optic,No,No,No,No,Yes,No,No,Yes,Month-to-Month,Yes,Bank Withdrawal,599.62,1308.38,0.0,0.0,565.5,1873.88,Joined,Not Applicable,Not Applicable,Likely to Churn,95.13
13823-RAJ,Female,31,Yes,Rajshahi,1,28,Deal 5,No,No,Yes,Fiber Optic,No,No,No,No,No,No,No,Yes,Month-to-Month,No,Bank Withdrawal,183.75,348.0,0.0,0.0,0.0,348.0,Joined,Not Applicable,Not Applicable,Likely to Churn,96.8
57457-SYL,Female,46,No,Sylhet,14,34,No Deal,Yes,No,No,,No,No,No,No,No,No,No,No,Month-to-Month,No,Mobile Banking (bKash/Nagad),150.0,285.0,0.0,0.0,515.7,800.7,Joined,Not Applicable,Not Applicable,Likely to Churn,97.95
96967-SYL,Female,33,No,Sylhet,5,8,No Deal,Yes,No,Yes,Fiber Optic,No,No,No,No,Yes,Yes,Yes,Yes,Month-to-Month,Yes,Bank Withdrawal,670.12,670.12,0.0,0.0,40.2,710.32,Joined,Not Applicable,Not Applicable,Likely to Churn,99.04
71210-CTG,Female,58,No,Chattogram,15,28,No Deal,Yes,No,No,,No,No,No,No,No,No,No,No,Month-to-Month,No,Credit Card,148.88,148.88,0.0,0.0,218.25,367.12,Joined,Not Applicable,Not Applicable,Likely to Churn,96.89
53764-CTG,Male,36,No,Chattogram,10,23,No Deal,No,No,Yes,Mobile Broadband,No,No,No,No,No,No,No,Yes,Month-to-Month,Yes,Credit Card,186.75,186.75,0.0,0.0,0.0,186.75,Joined,Not Applicable,Not Applicable,Likely to Churn,95.11
39128-BAR,Male,36,No,Barishal,15,22,Deal 5,Yes,No,Yes,Fiber Optic,No,No,No,No,No,No,No,No,Month-to-Month,Yes,Bank Withdrawal,335.62,335.62,0.0,75.0,139.28,549.9,Joined,Not Applicable,Not Applicable,Likely to Churn,97.69
87024-KHU,Male,58,No,Khulna,14,8,Deal 5,Yes,No,Yes,Fiber Optic,No,No,No,No,No,No,No,Yes,Month-to-Month,Yes,Credit Card,534.75,1183.12,0.0,0.0,101.1,1284.22,Joined,Not Applicable,Not Applicable,Likely to Churn,93.56
99855-DHK,Female,50,Yes,Dhaka,5,29,No Deal,Yes,No,Yes,Fiber Optic,No,No,No,No,No,No,No,Yes,Month-to-Month,Yes,Bank Withdrawal,522.75,1014.0,0.0,0.0,235.05,1249.05,Joined,Not Applicable,Not Applicable,Likely to Churn,93.93
39866-DHK,Female,24,No,Dhaka,1,12,Deal 5,Yes,No,Yes,Fiber Optic,No,No,No,No,No,No,No,No,Month-to-Month,No,Bank Withdrawal,341.62,633.0,0.0,75.0,628.5,1336.5,Joined,Not Applicable,Not Applicable,Likely to Churn,87.74
97427-SYL,Female,27,Yes,Sylhet,9,2,Deal 5,Yes,No,No,,No,No,No,No,No,No,No,No,Month-to-Month,Yes,Credit Card,152.62,152.62,0.0,0.0,223.95,376.57,Joined,Not Applicable,Not Applicable,Likely to Churn,95.51
92527-KHU,Female,40,No,Khulna,7,16,No Deal,Yes,No,No,,No,No,No,No,No,No,No,No,Month-to-Month,Yes,Credit Card,150.38,150.38,0.0,0.0,24.23,174.6,Joined,Not Applicable,Not Applicable,Likely to Churn,93.86
85506-DHK,Female,23,No,Dhaka,0,10,No Deal,Yes,No,No,,No,No,No,No,No,No,No,No,One Year,No,Credit Card,151.5,260.62,0.0,0.0,576.15,836.77,Joined,Not Applicable,Not Applicable,Likely to Churn,67.65
57012-KHU,Female,78,Yes,Khulna,11,29,Deal 5,Yes,No,Yes,Fiber Optic,No,No,No,No,No,No,No,Yes,Two Year,No,Bank Withdrawal,339.0,339.0,0.0,0.0,370.05,709.05,Joined,Not Applicable,Not Applicable,Likely to Churn,62.41
46190-RAN,Male,27,Yes,Rangpur,0,36,Deal 5,Yes,No,Yes,Fiber Optic,No,No,No,No,No,Yes,Yes,No,Month-to-Month,No,Mobile Banking (bKash/Nagad),416.62,416.62,0.0,225.0,249.9,891.53,Joined,Not Applicable,Not Applicable,Likely to Churn,98.77
36628-RAN,Female,44,Yes,Rangpur,7,1,Deal 5,Yes,No,Yes,Fiber Optic,Yes,No,No,Yes,No,No,No,Yes,Month-to-Month,Yes,Bank Withdrawal,601.12,1459.12,0.0,0.0,398.7,1857.83,Joined,Not Applicable,Not Applicable,Likely to Churn,89.95
46730-MYM,Female,18,No,Mymensingh,5,4,Deal 5,Yes,No,Yes,Fiber Optic,No,Yes,No,No,No,No,No,Yes,Month-to-Month,Yes,Bank Withdrawal,560.62,1086.0,0.0,0.0,653.4,1739.4,Joined,Not Applicable,Not Applicable,Likely to Churn,96.14
47492-RAJ,Female,30,Yes,Rajshahi,15,24,Deal 5,Yes,No,No,,No,No,No,No,No,No,No,No,Month-to-Month,Yes,Bank Withdrawal,151.12,151.12,0.0,0.0,139.72,290.85,Joined,Not Applicable,Not Applicable,Likely to Churn,95.32
44700-DHK,Female,48,No,Dhaka,10,19,Deal 5,Yes,Yes,Yes,Fiber Optic,No,No,No,No,Yes,No,No,No,Month-to-Month,Yes,Bank Withdrawal,634.5,634.5,0.0,0.0,55.05,689.55,Joined,Not Applicable,Not Applicable,Likely to Churn,98.64
25517-RAN,Female,40,No,Rangpur,4,10,No Deal,Yes,Yes,Yes,Fiber Optic,No,No,Yes,No,Yes,No,No,No,Month-to-Month,Yes,Bank Withdrawal,685.88,1285.88,0.0,75.0,741.15,2102.02,Joined,Not Applicable,Not Applicable,Likely to Churn,96.8
25733-BAR,Female,80,No,Barishal,8,33,Deal 5,Yes,No,Yes,Fiber Optic,No,No,Yes,No,Yes,Yes,No,No,One Year,Yes,Credit Card,716.25,1362.38,0.0,75.0,496.5,1933.88,Joined,Not Applicable,Not Applicable,Likely to Churn,58.57
79342-KHU,Female,39,Yes,Khulna,5,22,No Deal,Yes,No,Yes,Fiber Optic,Yes,No,No,Yes,Yes,No,No,Yes,Month-to-Month,Yes,Credit Card,483.0,1467.38,0.0,0.0,856.12,2323.5,Joined,Not Applicable,Not Applicable,Likely to Churn,65.29
74804-CTG,Female,46,No,Chattogram,0,5,No Deal,Yes,No,Yes,Fiber Optic,No,No,No,No,No,No,No,No,Month-to-Month,Yes,Credit Card,522.0,1555.5,0.0,150.0,651.82,2357.32,Joined,Not Applicable,Not Applicable,Likely to Churn,84.59
45561-DHK,Female,44,Yes,Dhaka,6,7,Deal 5,Yes,No,No,,No,No,No,No,No,No,No,No,Month-to-Month,Yes,Mobile Banking (bKash/Nagad),150.0,306.75,0.0,0.0,649.05,955.8,Joined,Not Applicable,Not Applicable,Likely to Churn,91.86
28681-BAR,Female,33,No,Barishal,4,2,No Deal,Yes,No,Yes,Fiber Optic,No,No,Yes,No,No,No,No,Yes,Month-to-Month,No,Bank Withdrawal,566.62,566.62,0.0,0.0,53.33,619.95,Joined,Not Applicable,Not Applicable,Likely to Churn,98.95
36339-DHK,Female,54,No,Dhaka,14,7,Deal 5,Yes,No,No,,No,No,No,No,No,No,No,No,Month-to-Month,Yes,Credit Card,149.25,343.12,0.0,0.0,930.6,1273.73,Joined,Not Applicable,Not Applicable,Likely to Churn,73.95
73108-RAN,Female,38,Yes,Rangpur,6,12,No Deal,Yes,No,No,,No,No,No,No,No,No,No,No,Month-to-Month,No,Credit Card,151.88,276.0,0.0,0.0,237.45,513.45,Joined,Not Applicable,Not Applicable,Likely to Churn,96.44
86703-CTG,Female,54,Yes,Chattogram,14,35,Deal 5,Yes,No,No,,No,No,No,No,No,No,No,No,Month-to-Month,No,Bank Withdrawal,154.88,154.88,0.0,0.0,11.03,165.9,Joined,Not Applicable,Not Applicable,Likely to Churn,98.1
92494-DHK,Female,39,Yes,Dhaka,11,19,No Deal,Yes,No,Yes,Fiber Optic,Yes,Yes,No,No,Yes,No,No,No,Month-to-Month,Yes,Bank Withdrawal,683.62,1263.75,0.0,75.0,701.7,2040.45,Joined,Not Applicable,Not Applicable,Likely to Churn,93.98
79427-KHU,Male,67,Yes,Khulna,12,21,Deal 5,Yes,No,Yes,Fiber Optic,No,No,No,No,No,No,No,Yes,Month-to-Month,No,Bank Withdrawal,525.75,1062.38,0.0,0.0,524.85,1587.22,Joined,Not Applicable,Not Applicable,Likely to Churn,94.41
26448-CTG,Female,57,No,Chattogram,10,21,Deal 5,Yes,No,Yes,Fiber Optic,No,Yes,No,Yes,Yes,Yes,Yes,Yes,Month-to-Month,Yes,Bank Withdrawal,564.75,1830.75,0.0,0.0,877.27,2708.03,Joined,Not Applicable,Not Applicable,Likely to Churn,80.31
81118-SYL,Female,31,No,Sylhet,1,13,No Deal,Yes,No,Yes,Mobile Broadband,No,No,No,No,No,No,No,Yes,Month-to-Month,Yes,Credit Card,343.5,343.5,0.0,0.0,102.15,445.65,Joined,Not Applicable,Not Applicable,Likely to Churn,97.37
83308-KHU,Male,40,No,Khulna,5,14,No Deal,No,No,Yes,Fiber Optic,No,Yes,No,No,No,No,No,Yes,Month-to-Month,No,Mobile Banking (bKash/Nagad),222.38,675.38,0.0,0.0,0.0,675.38,Joined,Not Applicable,Not Applicable,Likely to Churn,86.69
82559-SYL,Male,34,Yes,Sylhet,0,33,Deal 5,Yes,No,Yes,Fiber Optic,No,Yes,No,Yes,No,Yes,Yes,No,Month-to-Month,Yes,Credit Card,481.5,1077.38,0.0,225.0,66.15,1368.53,Joined,Not Applicable,Not Applicable,Likely to Churn,84.13
72275-RAN,Female,45,Yes,Rangpur,8,4,No Deal,Yes,No,No,,No,No,No,No,No,No,No,No,One Year,No,Credit Card,149.62,357.75,0.0,0.0,471.75,829.5,Joined,Not Applicable,Not Applicable,Likely to Churn,72.72
96430-BAR,Male,37,No,Barishal,0,23,No Deal,Yes,No,Yes,Fiber Optic,Yes,No,No,No,No,No,No,Yes,Month-to-Month,Yes,Credit Card,365.62,365.62,0.0,0.0,196.95,562.58,Joined,Not Applicable,Not Applicable,Likely to Churn,97.18
82118-SYL,Female,69,Yes,Sylhet,3,6,Deal 5,No,No,Yes,Mobile Broadband,No,No,No,No,No,No,No,Yes,Month-to-Month,No,Mobile Banking (bKash/Nagad),181.5,181.5,0.0,0.0,0.0,181.5,Joined,Not Applicable,Not Applicable,Likely to Churn,98.85
61203-BAR,Female,19,No,Barishal,11,11,No Deal,Yes,Yes,Yes,Mobile Broadband,No,No,No,Yes,Yes,No,No,Yes,Month-to-Month,No,Bank Withdrawal,484.5,1306.5,0.0,0.0,922.27,2228.78,Joined,Not Applicable,Not Applicable,Likely to Churn,74.09
58577-MYM,Female,44,Yes,Mymensingh,7,36,Deal 5,Yes,No,Yes,Fiber Optic,No,No,No,No,No,No,No,Yes,Month-to-Month,Yes,Credit Card,343.88,792.0,0.0,0.0,82.05,874.05,Joined,Not Applicable,Not Applicable,Likely to Churn,94.02
43908-CTG,Male,36,No,Chattogram,3,25,No Deal,Yes,No,Yes,Fiber Optic,No,No,No,No,No,No,No,Yes,Month-to-Month,No,Bank Withdrawal,527.62,1044.38,0.0,0.0,671.55,1715.92,Joined,Not Applicable,Not Applicable,Likely to Churn,95.94
47611-CTG,Male,25,No,Chattogram,4,31,No Deal,Yes,No,Yes,Fiber Optic,No,No,No,No,No,Yes,Yes,No,Month-to-Month,Yes,Bank Withdrawal,414.38,414.38,0.0,450.0,293.92,1158.3,Joined,Not Applicable,Not Applicable,Likely to Churn,95.58
95594-KHU,Female,64,No,Khulna,4,1,No Deal,Yes,No,Yes,Fiber Optic,No,No,No,No,No,No,No,Yes,Month-to-Month,No,Bank Withdrawal,330.0,330.0,0.0,0.0,117.45,447.45,Joined,Not Applicable,Not Applicable,Likely to Churn,98.61
55043-DHK,Male,43,Yes,Dhaka,8,17,No Deal,Yes,No,Yes,Fiber Optic,No,No,No,No,No,No,No,No,Month-to-Month,Yes,Bank Withdrawal,524.25,524.25,0.0,75.0,70.2,669.45,Joined,Not Applicable,Not Applicable,Likely to Churn,98.49
43604-KHU,Female,18,No,Khulna,14,7,Deal 5,Yes,No,No,,No,No,No,No,No,No,No,No,One Year,No,Mobile Banking (bKash/Nagad),147.38,147.38,0.0,0.0,175.57,322.95,Joined,Not Applicable,Not Applicable,Likely to Churn,92.12
52695-DHK,Female,52,No,Dhaka,14,34,No Deal,Yes,No,No,,No,No,No,No,No,No,No,No,Month-to-Month,No,Credit Card,152.62,263.25,0.0,0.0,36.9,300.15,Joined,Not Applicable,Not Applicable,Likely to Churn,96.57
89303-RAJ,Male,51,No,Rajshahi,6,11,Deal 5,Yes,No,Yes,Fiber Optic,No,No,No,No,No,No,No,Yes,Month-to-Month,No,Credit Card,524.62,1079.25,0.0,0.0,436.5,1515.75,Joined,Not Applicable,Not Applicable,Likely to Churn,90.46
19747-CTG,Female,47,No,Chattogram,15,19,Deal 5,Yes,No,Yes,Fiber Optic,Yes,No,No,Yes,No,Yes,Yes,No,Month-to-Month,Yes,Bank Withdrawal,483.75,1330.5,0.0,450.0,889.88,2670.38,Joined,Not Applicable,Not Applicable,Likely to Churn,67.6
25048-RAJ,Male,47,No,Rajshahi,15,9,Deal 5,Yes,Yes,No,,No,No,No,No,No,No,No,No,Month-to-Month,No,Credit Card,180.0,180.0,0.0,0.0,247.13,427.12,Joined,Not Applicable,Not Applicable,Likely to Churn,96.86
79700-RAJ,Female,53,No,Rajshahi,5,30,No Deal,Yes,Yes,Yes,Fiber Optic,No,Yes,Yes,No,Yes,Yes,Yes,Yes,Month-to-Month,No,Mobile Banking (bKash/Nagad),809.62,2352.0,0.0,0.0,1068.75,3420.75,Joined,Not Applicable,Not Applicable,Likely to Churn,86.62
36323-DHK,Female,48,No,Dhaka,14,11,No Deal,Yes,No,No,,No,No,No,No,No,No,No,No,One Year,No,Bank Withdrawal,153.75,286.88,0.0,0.0,465.15,752.02,Joined,Not Applicable,Not Applicable,Likely to Churn,80.49
45771-KHU,Female,50,No,Khulna,3,7,No Deal,Yes,No,Yes,Fiber Optic,No,No,No,No,No,No,No,Yes,Month-to-Month,No,Credit Card,333.38,333.38,0.0,0.0,175.05,508.43,Joined,Not Applicable,Not Applicable,Likely to Churn,97.83
27561-DHK,Female,19,No,Dhaka,6,10,Deal 5,Yes,No,No,,No,No,No,No,No,No,No,No,Month-to-Month,Yes,Credit Card,151.88,151.88,0.0,0.0,354.38,506.25,Joined,Not Applicable,Not Applicable,Likely to Churn,94.74
21247-MYM,Male,58,Yes,Mymensingh,2,2,No Deal,Yes,No,No,,No,No,No,No,No,No,No,No,Month-to-Month,Yes,Credit Card,146.25,146.25,0.0,0.0,60.15,206.4,Joined,Not Applicable,Not Applicable,Likely to Churn,95.11
87077-KHU,Male,62,Yes,Khulna,3,21,Deal 5,Yes,No,Yes,Mobile Broadband,No,No,Yes,No,Yes,Yes,Yes,Yes,Month-to-Month,No,Credit Card,517.5,1108.5,0.0,0.0,411.15,1519.65,Joined,Not Applicable,Not Applicable,Likely to Churn,84.76
17250-BAR,Female,23,Yes,Barishal,12,2,No Deal,Yes,No,Yes,Fiber Optic,No,Yes,No,No,No,No,No,Yes,Month-to-Month,No,Credit Card,369.38,727.5,0.0,0.0,611.25,1338.75,Joined,Not Applicable,Not Applicable,Likely to Churn,82.72
89382-MYM,Male,56,No,Mymensingh,5,29,Deal 5,No,No,Yes,Fiber Optic,No,No,No,Yes,No,No,No,Yes,Month-to-Month,Yes,Bank Withdrawal,223.12,726.38,0.0,0.0,0.0,726.38,Joined,Not Applicable,Not Applicable,Likely to Churn,83.88
16032-RAJ,Female,47,No,Rajshahi,8,18,No Deal,Yes,No,Yes,Fiber Optic,No,No,No,No,No,No,No,Yes,Month-to-Month,Yes,Bank Withdrawal,349.5,659.25,0.0,0.0,28.05,687.3,Joined,Not Applicable,Not Applicable,Likely to Churn,96.65
47957-RAN,Female,26,No,Rangpur,4,2,Deal 5,Yes,No,No,,No,No,No,No,No,No,No,No,Month-to-Month,Yes,Credit Card,153.38,153.38,0.0,0.0,316.28,469.65,Joined,Not Applicable,Not Applicable,Likely to Churn,94.42
49201-RAN,Female,37,No,Rangpur,11,30,No Deal,No,No,Yes,Fiber Optic,Yes,No,No,No,No,No,No,Yes,Month-to-Month,No,Credit Card,224.25,224.25,0.0,0.0,0.0,224.25,Joined,Not Applicable,Not Applicable,Likely to Churn,95.02
74979-SYL,Female,49,Yes,Sylhet,10,14,Deal 5,No,No,Yes,Mobile Broadband,No,No,No,Yes,No,No,No,Yes,Month-to-Month,No,Bank Withdrawal,217.88,335.62,0.0,0.0,0.0,335.62,Joined,Not Applicable,Not Applicable,Likely to Churn,95.22
54172-RAN,Female,64,Yes,Rangpur,0,9,Deal 5,Yes,Yes,Yes,Fiber Optic,No,Yes,No,No,No,No,No,Yes,Month-to-Month,Yes,Credit Card,424.12,886.88,0.0,0.0,476.1,1362.97,Joined,Not Applicable,Not Applicable,Likely to Churn,89.03
83080-BAR,Female,54,No,Barishal,9,4,No Deal,Yes,No,Yes,Fiber Optic,No,No,No,No,No,No,No,Yes,Month-to-Month,Yes,Bank Withdrawal,526.12,1456.5,0.0,0.0,126.68,1583.17,Joined,Not Applicable,Not Applicable,Likely to Churn,94.93
41795-DHK,Female,58,No,Dhaka,5,10,No Deal,Yes,No,No,,No,No,No,No,No,No,No,No,Month-to-Month,No,Credit Card,148.12,148.12,0.0,0.0,309.6,457.73,Joined,Not Applicable,Not Applicable,Likely to Churn,96.86
16733-MYM,Female,76,Yes,Mymensingh,10,1,No Deal,Yes,No,Yes,Fiber Optic,No,No,No,No,No,No,No,Yes,Month-to-Month,Yes,Credit Card,343.88,343.88,0.0,0.0,302.85,646.73,Joined,Not Applicable,Not Applicable,Likely to Churn,98.49
25763-CTG,Female,47,Yes,Chattogram,9,3,Deal 5,Yes,No,Yes,Mobile Broadband,No,No,No,No,No,No,No,Yes,Month-to-Month,No,Bank Withdrawal,331.12,331.12,0.0,0.0,73.65,404.77,Joined,Not Applicable,Not Applicable,Likely to Churn,98.54
28266-SYL,Male,32,No,Sylhet,6,1,No Deal,No,No,Yes,Fiber Optic,No,No,No,No,No,No,No,Yes,Month-to-Month,No,Credit Card,190.12,190.12,0.0,0.0,0.0,190.12,Joined,Not Applicable,Not Applicable,Likely to Churn,97.27
67994-SYL,Male,75,Yes,Sylhet,12,33,Deal 5,Yes,No,Yes,Fiber Optic,No,No,No,No,No,No,No,Yes,Two Year,No,Bank Withdrawal,347.25,347.25,0.0,0.0,86.33,433.58,Joined,Not Applicable,Not Applicable,Likely to Churn,79.18
12340-DHK,Female,51,Yes,Dhaka,0,10,No Deal,Yes,No,Yes,Mobile Broadband,No,No,No,No,Yes,Yes,Yes,Yes,Month-to-Month,Yes,Credit Card,471.0,471.0,0.0,0.0,316.42,787.42,Joined,Not Applicable,Not Applicable,Likely to Churn,96.66
31476-RAJ,Male,42,Yes,Rajshahi,5,33,Deal 5,Yes,No,No,,No,No,No,No,No,No,No,No,Month-to-Month,No,Credit Card,149.62,149.62,0.0,0.0,203.1,352.73,Joined,Not Applicable,Not Applicable,Likely to Churn,96.68
31918-KHU,Female,37,No,Khulna,15,34,No Deal,No,No,Yes,Mobile Broadband,Yes,No,Yes,Yes,No,No,No,Yes,Month-to-Month,No,Credit Card,310.12,804.38,0.0,0.0,0.0,804.38,Joined,Not Applicable,Not Applicable,Likely to Churn,78.5
66413-KHU,Female,53,No,Khulna,12,4,No Deal,Yes,No,Yes,Fiber Optic,No,No,No,No,Yes,No,No,No,Month-to-Month,Yes,Bank Withdrawal,603.75,1742.62,0.0,0.0,604.35,2346.97,Joined,Not Applicable,Not Applicable,Likely to Churn,92.82
97615-DHK,Female,23,Yes,Dhaka,11,10,Deal 5,Yes,No,No,,No,No,No,No,No,No,No,No,Month-to-Month,No,Credit Card,151.5,151.5,0.0,0.0,308.25,459.75,Joined,Not Applicable,Not Applicable,Likely to Churn,96.15
64095-CTG,Male,27,No,Chattogram,2,17,No Deal,Yes,No,No,,No,No,No,No,No,No,No,No,One Year,Yes,Bank Withdrawal,-22.5,151.5,0.0,0.0,335.17,486.68,Joined,Not Applicable,Not Applicable,Likely to Churn,91.04
75671-KHU,Female,34,Yes,Khulna,8,13,No Deal,Yes,No,Yes,Mobile Broadband,No,No,No,No,No,No,No,Yes,Month-to-Month,Yes,Bank Withdrawal,340.5,607.12,0.0,0.0,162.15,769.27,Joined,Not Applicable,Not Applicable,Likely to Churn,96.73
29525-KHU,Female,50,Yes,Khulna,9,3,Deal 5,No,No,Yes,Fiber Optic,No,No,No,No,No,No,No,Yes,Month-to-Month,No,Credit Card,187.5,586.88,0.0,0.0,0.0,586.88,Joined,Not Applicable,Not Applicable,Likely to Churn,87.92
18415-KHU,Female,33,Yes,Khulna,7,36,No Deal,Yes,No,No,,No,No,No,No,No,No,No,No,Month-to-Month,No,Mobile Banking (bKash/Nagad),143.25,143.25,0.0,0.0,37.65,180.9,Joined,Not Applicable,Not Applicable,Likely to Churn,96.53
35635-RAJ,Female,26,Yes,Rajshahi,10,5,No Deal,Yes,No,No,,No,No,No,No,No,No,No,No,Month-to-Month,No,Mobile Banking (bKash/Nagad),153.0,153.0,0.0,0.0,133.57,286.57,Joined,Not Applicable,Not Applicable,Likely to Churn,97.81
67752-DHK,Female,28,No,Dhaka,0,24,No Deal,Yes,No,Yes,Mobile Broadband,No,No,No,No,No,No,No,Yes,Month-to-Month,No,Credit Card,339.75,339.75,0.0,0.0,355.2,694.95,Joined,Not Applicable,Not Applicable,Likely to Churn,97.47
51961-CTG,Male,47,No,Chattogram,9,25,Deal 5,Yes,No,Yes,Fiber Optic,Yes,No,No,No,No,No,No,Yes,Month-to-Month,No,Credit Card,382.12,922.88,0.0,0.0,554.4,1477.28,Joined,Not Applicable,Not Applicable,Likely to Churn,70.42
23632-BAR,Female,37,Yes,Barishal,2,16,Deal 5,Yes,No,Yes,Fiber Optic,Yes,No,No,No,Yes,Yes,Yes,Yes,Month-to-Month,No,Bank Withdrawal,728.25,1381.12,0.0,0.0,590.25,1971.38,Joined,Not Applicable,Not Applicable,Likely to Churn,94.29
38920-BAR,Female,50,No,Barishal,8,7,No Deal,Yes,No,Yes,Mobile Broadband,No,No,No,No,No,No,No,No,Month-to-Month,Yes,Bank Withdrawal,328.88,328.88,0.0,75.0,119.25,523.12,Joined,Not Applicable,Not Applicable,Likely to Churn,98.5
51597-SYL,Female,26,Yes,Sylhet,10,18,No Deal,Yes,No,No,,No,No,No,No,No,No,No,No,Month-to-Month,No,Credit Card,149.25,149.25,0.0,0.0,11.25,160.5,Joined,Not Applicable,Not Applicable,Likely to Churn,97.26
88107-SYL,Female,58,No,Sylhet,10,34,No Deal,No,No,Yes,Fiber Optic,No,No,No,Yes,No,No,No,No,Month-to-Month,No,Credit Card,229.12,229.12,0.0,300.0,0.0,529.12,Joined,Not Applicable,Not Applicable,Likely to Churn,97.31
86315-KHU,Female,54,No,Khulna,6,13,Deal 5,Yes,No,No,,No,No,No,No,No,No,No,No,Month-to-Month,No,Bank Withdrawal,157.12,157.12,0.0,0.0,17.18,174.3,Joined,Not Applicable,Not Applicable,Likely to Churn,97.18
84577-RAJ,Female,59,Yes,Rajshahi,11,29,No Deal,Yes,No,Yes,Mobile Broadband,No,Yes,No,No,Yes,No,No,Yes,Month-to-Month,Yes,Bank Withdrawal,442.5,856.12,0.0,0.0,405.3,1261.42,Joined,Not Applicable,Not Applicable,Likely to Churn,91.38
23855-DHK,Female,53,Yes,Dhaka,13,9,No Deal,Yes,No,Yes,Fiber Optic,No,No,No,No,No,No,No,Yes,Month-to-Month,No,Bank Withdrawal,336.75,832.88,0.0,0.0,76.2,909.07,Joined,Not Applicable,Not Applicable,Likely to Churn,94.2
43297-DHK,Male,60,No,Dhaka,12,18,No Deal,Yes,No,Yes,Mobile Broadband,No,No,No,Yes,No,No,No,No,Month-to-Month,Yes,Credit Card,376.5,819.38,0.0,75.0,95.1,989.48,Joined,Not Applicable,Not Applicable,Likely to Churn,94.84
59750-RAJ,Female,49,Yes,Rajshahi,11,4,No Deal,Yes,Yes,Yes,Fiber Optic,No,No,No,No,No,No,No,Yes,Month-to-Month,Yes,Credit Card,561.75,1020.38,0.0,0.0,616.2,1636.58,Joined,Not Applicable,Not Applicable,Likely to Churn,92.75
83050-BAR,Female,25,Yes,Barishal,7,20,No Deal,Yes,No,No,,No,No,No,No,No,No,No,No,One Year,No,Credit Card,153.38,261.0,0.0,0.0,690.0,951.0,Joined,Not Applicable,Not Applicable,Likely to Churn,72.14
93700-DHK,Female,57,No,Dhaka,8,20,Deal 5,Yes,No,Yes,Mobile Broadband,Yes,No,No,No,No,No,No,Yes,Month-to-Month,Yes,Credit Card,380.25,380.25,0.0,0.0,285.38,665.62,Joined,Not Applicable,Not Applicable,Likely to Churn,97.02
86369-CTG,Female,59,No,Chattogram,1,2,Deal 5,Yes,Yes,Yes,Fiber Optic,No,Yes,No,No,No,No,No,No,Month-to-Month,No,Bank Withdrawal,407.25,407.25,0.0,75.0,255.15,737.4,Joined,Not Applicable,Not Applicable,Likely to Churn,98.73
62359-RAJ,Female,48,Yes,Rajshahi,5,24,Deal 5,No,No,Yes,Mobile Broadband,No,Yes,No,Yes,No,No,No,No,Month-to-Month,No,Credit Card,252.0,252.0,0.0,375.0,0.0,627.0,Joined,Not Applicable,Not Applicable,Likely to Churn,96.92
81763-DHK,Male,36,Yes,Dhaka,7,7,No Deal,Yes,No,Yes,Fiber Optic,Yes,No,Yes,No,No,No,No,Yes,Month-to-Month,Yes,Bank Withdrawal,603.38,1028.25,0.0,0.0,531.15,1559.4,Joined,Not Applicable,Not Applicable,Likely to Churn,96.23
89188-KHU,Female,26,Yes,Khulna,3,9,No Deal,Yes,No,No,,No,No,No,No,No,No,No,No,Month-to-Month,Yes,Mobile Banking (bKash/Nagad),154.12,252.0,0.0,0.0,250.5,502.5,Joined,Not Applicable,Not Applicable,Likely to Churn,94.26
55757-KHU,Female,32,Yes,Khulna,2,9,Deal 5,Yes,No,Yes,Mobile Broadband,No,No,Yes,Yes,No,No,No,Yes,Month-to-Month,Yes,Mobile Banking (bKash/Nagad),418.5,1159.12,0.0,0.0,94.28,1253.4,Joined,Not Applicable,Not Applicable,Likely to Churn,83.94
98767-CTG,Female,26,No,Chattogram,14,7,No Deal,Yes,No,No,,No,No,No,No,No,No,No,No,Month-to-Month,No,Credit Card,150.38,150.38,0.0,0.0,83.25,233.62,Joined,Not Applicable,Not Applicable,Likely to Churn,95.99
44208-RAJ,Female,25,Yes,Rajshahi,2,20,No Deal,Yes,Yes,Yes,Fiber Optic,No,Yes,Yes,No,Yes,No,No,No,Month-to-Month,Yes,Bank Withdrawal,518.62,1762.5,0.0,0.0,546.3,2308.8,Joined,Not Applicable,Not Applicable,Likely to Churn,79.16
32375-DHK,Female,23,Yes,Dhaka,1,3,No Deal,Yes,No,No,,No,No,No,No,No,No,No,No,Month-to-Month,No,Mobile Banking (bKash/Nagad),156.75,156.75,0.0,0.0,76.58,233.32,Joined,Not Applicable,Not Applicable,Likely to Churn,95.63
28237-CTG,Female,52,No,Chattogram,7,9,Deal 5,Yes,No,Yes,Fiber Optic,No,No,No,No,No,No,No,Yes,Month-to-Month,Yes,Bank Withdrawal,523.88,1498.88,0.0,0.0,782.1,2280.97,Joined,Not Applicable,Not Applicable,Likely to Churn,92.55
21642-RAJ,Male,60,Yes,Rajshahi,12,29,No Deal,Yes,No,Yes,Fiber Optic,Yes,No,No,Yes,No,No,No,Yes,Month-to-Month,No,Bank Withdrawal,408.75,408.75,0.0,0.0,249.08,657.82,Joined,Not Applicable,Not Applicable,Likely to Churn,97.35
46081-KHU,Male,41,Yes,Khulna,14,29,No Deal,Yes,No,Yes,Fiber Optic,No,No,No,No,No,No,No,Yes,Month-to-Month,No,Credit Card,338.62,338.62,0.0,0.0,317.55,656.17,Joined,Not Applicable,Not Applicable,Likely to Churn,98.08
13744-RAJ,Female,41,Yes,Rajshahi,8,3,Deal 5,Yes,No,No,,No,No,No,No,No,No,No,No,Month-to-Month,Yes,Bank Withdrawal,147.38,147.38,0.0,0.0,103.88,251.25,Joined,Not Applicable,Not Applicable,Likely to Churn,96.38
71234-BAR,Female,44,No,Barishal,10,34,No Deal,Yes,No,No,,No,No,No,No,No,No,No,No,Month-to-Month,Yes,Credit Card,145.5,145.5,0.0,0.0,179.77,325.27,Joined,Not Applicable,Not Applicable,Likely to Churn,94.42
15803-DHK,Female,34,No,Dhaka,6,31,No Deal,Yes,No,No,,No,No,No,No,No,No,No,No,Month-to-Month,No,Credit Card,143.62,143.62,0.0,0.0,167.78,311.4,Joined,Not Applicable,Not Applicable,Likely to Churn,96.29
41427-BAR,Male,37,No,Barishal,13,13,Deal 5,Yes,No,No,,No,No,No,No,No,No,No,No,Month-to-Month,No,Bank Withdrawal,151.5,151.5,0.0,0.0,183.6,335.1,Joined,Not Applicable,Not Applicable,Likely to Churn,97.5
31294-KHU,Male,50,Yes,Khulna,15,33,Deal 5,Yes,No,Yes,Fiber Optic,Yes,No,No,No,No,No,No,Yes,Month-to-Month,No,Bank Withdrawal,373.12,373.12,0.0,0.0,313.43,686.55,Joined,Not Applicable,Not Applicable,Likely to Churn,97.68
33621-SYL,Female,42,No,Sylhet,13,12,Deal 5,Yes,No,Yes,Fiber Optic,No,No,No,No,No,No,No,No,Month-to-Month,Yes,Bank Withdrawal,527.62,901.88,0.0,150.0,115.5,1167.38,Joined,Not Applicable,Not Applicable,Likely to Churn,96.35
77658-RAJ,Male,44,No,Rajshahi,0,4,Deal 5,No,No,Yes,Fiber Optic,No,No,No,No,No,No,No,Yes,Month-to-Month,Yes,Bank Withdrawal,183.0,183.0,0.0,0.0,0.0,183.0,Joined,Not Applicable,Not Applicable,Likely to Churn,96.23
13123-CTG,Female,46,No,Chattogram,13,18,Deal 5,Yes,No,Yes,Fiber Optic,Yes,Yes,No,No,Yes,Yes,Yes,No,Month-to-Month,No,Bank Withdrawal,751.5,1488.75,0.0,75.0,338.4,1902.15,Joined,Not Applicable,Not Applicable,Likely to Churn,94.57
42864-MYM,Female,29,No,Mymensingh,2,10,Deal 5,No,No,Yes,Fiber Optic,No,Yes,No,No,No,No,No,Yes,Month-to-Month,Yes,Mobile Banking (bKash/Nagad),226.88,478.12,0.0,0.0,0.0,478.12,Joined,Not Applicable,Not Applicable,Likely to Churn,91.16
51751-RAJ,Female,62,No,Rajshahi,9,25,No Deal,Yes,No,Yes,Fiber Optic,No,No,No,No,No,No,No,Yes,Month-to-Month,Yes,Bank Withdrawal,526.12,928.5,0.0,0.0,506.25,1434.75,Joined,Not Applicable,Not Applicable,Likely to Churn,95.85
76419-KHU,Male,46,Yes,Khulna,14,28,No Deal,Yes,Yes,Yes,Fiber Optic,No,No,No,No,Yes,Yes,Yes,Yes,Month-to-Month,No,Bank Withdrawal,711.75,2049.0,0.0,0.0,66.83,2115.83,Joined,Not Applicable,Not Applicable,Likely to Churn,90.3
39332-RAJ,Female,44,Yes,Rajshahi,6,8,No Deal,Yes,No,Yes,Fiber Optic,No,No,No,No,Yes,No,No,No,Month-to-Month,Yes,Bank Withdrawal,604.12,604.12,0.0,450.0,44.47,1098.6,Joined,Not Applicable,Not Applicable,Likely to Churn,97.98
49304-KHU,Female,32,Yes,Khulna,6,33,No Deal,Yes,Yes,Yes,Fiber Optic,No,No,No,No,No,No,No,Yes,Month-to-Month,Yes,Credit Card,373.5,373.5,0.0,0.0,29.78,403.28,Joined,Not Applicable,Not Applicable,Likely to Churn,97.87
31129-RAJ,Male,68,No,Rajshahi,15,15,No Deal,Yes,No,Yes,Fiber Optic,No,No,No,No,No,No,No,No,Month-to-Month,Yes,Bank Withdrawal,527.62,527.62,0.0,75.0,108.15,710.77,Joined,Not Applicable,Not Applicable,Likely to Churn,98.66
99475-KHU,Male,22,Yes,Khulna,11,11,No Deal,Yes,No,Yes,Fiber Optic,No,Yes,No,No,No,No,No,Yes,Month-to-Month,No,Credit Card,386.62,796.5,0.0,0.0,279.15,1075.65,Joined,Not Applicable,Not Applicable,Likely to Churn,78.15
55831-KHU,Male,43,No,Khulna,11,13,Deal 5,Yes,No,No,,No,No,No,No,No,No,No,No,Month-to-Month,No,Mobile Banking (bKash/Nagad),149.62,437.25,0.0,0.0,115.88,553.12,Joined,Not Applicable,Not Applicable,Likely to Churn,87.04
92228-CTG,Female,22,Yes,Chattogram,10,9,No Deal,No,No,Yes,Mobile Broadband,No,No,No,No,No,No,No,Yes,Month-to-Month,Yes,Credit Card,188.62,188.62,0.0,0.0,0.0,188.62,Joined,Not Applicable,Not Applicable,Likely to Churn,95.11
37131-DHK,Male,52,No,Dhaka,6,2,No Deal,Yes,No,Yes,Fiber Optic,No,No,No,No,Yes,Yes,Yes,Yes,Month-to-Month,Yes,Bank Withdrawal,669.38,669.38,0.0,0.0,124.8,794.17,Joined,Not Applicable,Not Applicable,Likely to Churn,98.94
17597-BAR,Female,33,Yes,Barishal,2,6,Deal 5,No,No,Yes,Fiber Optic,No,Yes,No,No,No,No,No,Yes,Month-to-Month,Yes,Bank Withdrawal,223.88,223.88,0.0,0.0,0.0,223.88,Joined,Not Applicable,Not Applicable,Likely to Churn,96.91
82427-DHK,Male,36,No,Dhaka,15,28,Deal 5,Yes,No,No,,No,No,No,No,No,No,No,No,Month-to-Month,No,Credit Card,146.62,146.62,0.0,0.0,134.55,281.18,Joined,Not Applicable,Not Applicable,Likely to Churn,96.64
28378-SYL,Female,65,No,Sylhet,12,1,Deal 5,Yes,No,No,,No,No,No,No,No,No,No,No,Month-to-Month,No,Bank Withdrawal,145.88,145.88,0.0,0.0,349.43,495.3,Joined,Not Applicable,Not Applicable,Likely to Churn,98.4
18027-DHK,Female,58,Yes,Dhaka,15,30,Deal 5,Yes,No,No,,No,No,No,No,No,No,No,No,Month-to-Month,Yes,Credit Card,149.25,252.75,0.0,0.0,57.3,310.05,Joined,Not Applicable,Not Applicable,Likely to Churn,95.29
28398-RAJ,Male,59,Yes,Rajshahi,3,23,Deal 5,Yes,No,No,,No,No,No,No,No,No,No,No,Month-to-Month,No,Credit Card,150.0,150.0,0.0,0.0,194.92,344.93,Joined,Not Applicable,Not Applicable,Likely to Churn,97.06
13946-BAR,Female,41,Yes,Barishal,1,3,Deal 5,Yes,No,No,,No,No,No,No,No,No,No,No,Month-to-Month,No,Credit Card,147.38,147.38,0.0,0.0,177.53,324.9,Joined,Not Applicable,Not Applicable,Likely to Churn,97.02
38577-CTG,Female,30,Yes,Chattogram,6,36,No Deal,Yes,No,Yes,Fiber Optic,No,No,No,No,No,No,No,Yes,Month-to-Month,Yes,Bank Withdrawal,333.75,675.38,0.0,0.0,463.05,1138.42,Joined,Not Applicable,Not Applicable,Likely to Churn,92.14
83736-DHK,Male,43,Yes,Dhaka,1,25,No Deal,Yes,No,Yes,Fiber Optic,No,No,No,No,No,No,No,Yes,Month-to-Month,No,Credit Card,340.12,340.12,0.0,0.0,93.45,433.58,Joined,Not Applicable,Not Applicable,Likely to Churn,97.84
51657-KHU,Male,54,No,Khulna,13,16,No Deal,Yes,No,No,,No,No,No,No,No,No,No,No,Month-to-Month,No,Credit Card,156.38,454.88,0.0,0.0,440.55,895.42,Joined,Not Applicable,Not Applicable,Likely to Churn,71.46
22782-MYM,Female,50,Yes,Mymensingh,2,28,No Deal,Yes,No,No,,No,No,No,No,No,No,No,No,Month-to-Month,No,Credit Card,144.75,410.25,0.0,0.0,227.93,638.18,Joined,Not Applicable,Not Applicable,Likely to Churn,87.45
61331-RAN,Male,36,Yes,Rangpur,2,10,Deal 5,Yes,No,Yes,Fiber Optic,Yes,No,No,No,No,No,No,Yes,Month-to-Month,Yes,Credit Card,380.62,380.62,0.0,0.0,343.28,723.9,Joined,Not Applicable,Not Applicable,Likely to Churn,96.84
83440-RAN,Male,53,No,Rangpur,4,14,No Deal,Yes,No,No,,No,No,No,No,No,No,No,No,Month-to-Month,No,Bank Withdrawal,150.0,372.38,0.0,0.0,698.85,1071.23,Joined,Not Applicable,Not Applicable,Likely to Churn,81.01
23078-DHK,Female,57,Yes,Dhaka,3,24,No Deal,Yes,No,No,,No,No,No,No,No,No,No,No,Month-to-Month,Yes,Bank Withdrawal,152.25,152.25,0.0,0.0,49.8,202.05,Joined,Not Applicable,Not Applicable,Likely to Churn,95.31
53350-RAJ,Male,37,Yes,Rajshahi,6,22,No Deal,Yes,Yes,Yes,Fiber Optic,No,No,No,No,No,No,No,Yes,Month-to-Month,No,Bank Withdrawal,558.75,1630.88,0.0,0.0,156.82,1787.7,Joined,Not Applicable,Not Applicable,Likely to Churn,90.3
85027-KHU,Male,57,No,Khulna,14,27,Deal 5,Yes,No,No,,No,No,No,No,No,No,No,No,Month-to-Month,Yes,Credit Card,148.12,148.12,0.0,0.0,12.08,160.2,Joined,Not Applicable,Not Applicable,Likely to Churn,95.09
53449-DHK,Female,52,No,Dhaka,8,17,No Deal,Yes,No,No,,No,No,No,No,No,No,No,No,Month-to-Month,No,Credit Card,149.25,149.25,0.0,0.0,17.85,167.1,Joined,Not Applicable,Not Applicable,Likely to Churn,96.32
78978-DHK,Male,54,No,Dhaka,0,13,Deal 5,Yes,No,No,,No,No,No,No,No,No,No,No,Month-to-Month,No,Credit Card,144.75,144.75,0.0,0.0,122.7,267.45,Joined,Not Applicable,Not Applicable,Likely to Churn,95.98
78220-KHU,Female,21,Yes,Khulna,14,10,No Deal,Yes,No,Yes,Fiber Optic,No,No,Yes,Yes,Yes,No,Yes,Yes,Month-to-Month,Yes,Credit Card,673.88,1833.38,0.0,0.0,564.75,2398.12,Joined,Not Applicable,Not Applicable,Likely to Churn,83.25
85428-BAR,Female,62,Yes,Barishal,11,18,No Deal,Yes,No,No,,No,No,No,No,No,No,No,No,Month-to-Month,No,Credit Card,150.75,298.5,0.0,0.0,532.5,831.0,Joined,Not Applicable,Not Applicable,Likely to Churn,94.55
52641-CTG,Female,44,Yes,Chattogram,7,29,No Deal,Yes,No,Yes,Fiber Optic,No,No,No,No,No,No,No,Yes,Month-to-Month,No,Mobile Banking (bKash/Nagad),533.25,533.25,0.0,0.0,281.32,814.58,Joined,Not Applicable,Not Applicable,Likely to Churn,98.51
68556-DHK,Male,68,No,Dhaka,4,23,No Deal,Yes,No,No,,No,No,No,No,No,No,No,No,Month-to-Month,No,Credit Card,151.5,151.5,0.0,0.0,98.1,249.6,Joined,Not Applicable,Not Applicable,Likely to Churn,97.35
61025-DHK,Female,45,No,Dhaka,4,16,Deal 5,Yes,No,Yes,Fiber Optic,No,No,Yes,No,No,No,No,Yes,Month-to-Month,Yes,Bank Withdrawal,373.88,373.88,0.0,0.0,319.12,693.0,Joined,Not Applicable,Not Applicable,Likely to Churn,97.67
41500-KHU,Male,31,No,Khulna,1,31,Deal 5,Yes,No,No,,No,No,No,No,No,No,No,No,Month-to-Month,No,Credit Card,148.88,387.0,0.0,0.0,412.05,799.05,Joined,Not Applicable,Not Applicable,Likely to Churn,93.74
27461-SYL,Male,22,Yes,Sylhet,7,6,Deal 5,Yes,No,Yes,Mobile Broadband,No,No,No,No,No,No,No,Yes,Month-to-Month,Yes,Credit Card,334.12,334.12,0.0,0.0,172.8,506.93,Joined,Not Applicable,Not Applicable,Likely to Churn,97.14
77311-SYL,Male,47,Yes,Sylhet,9,19,Deal 5,Yes,No,No,,No,No,No,No,No,No,No,No,Month-to-Month,No,Credit Card,151.88,151.88,0.0,0.0,303.45,455.32,Joined,Not Applicable,Not Applicable,Likely to Churn,97.27
29093-MYM,Male,57,Yes,Mymensingh,6,6,No Deal,Yes,No,No,,No,No,No,No,No,No,No,No,Month-to-Month,Yes,Mobile Banking (bKash/Nagad),153.38,153.38,0.0,0.0,87.07,240.45,Joined,Not Applicable,Not Applicable,Likely to Churn,95.2
83817-DHK,Male,48,No,Dhaka,8,18,No Deal,Yes,No,No,,No,No,No,No,No,No,No,No,Month-to-Month,Yes,Mobile Banking (bKash/Nagad),157.88,157.88,0.0,0.0,76.05,233.93,Joined,Not Applicable,Not Applicable,Likely to Churn,94.07
38452-DHK,Female,34,No,Dhaka,6,14,Deal 5,Yes,No,Yes,Fiber Optic,Yes,No,No,No,No,No,No,Yes,Month-to-Month,No,Bank Withdrawal,359.62,359.62,0.0,0.0,346.72,706.35,Joined,Not Applicable,Not Applicable,Likely to Churn,97.71
41196-DHK,Female,29,Yes,Dhaka,11,10,Deal 5,Yes,No,Yes,Fiber Optic,No,No,No,No,No,No,No,No,Month-to-Month,Yes,Bank Withdrawal,337.5,337.5,0.0,75.0,304.73,717.22,Joined,Not Applicable,Not Applicable,Likely to Churn,98.11
19898-BAR,Male,31,Yes,Barishal,3,30,Deal 5,Yes,No,No,,No,No,No,No,No,No,No,No,Month-to-Month,No,Credit Card,145.88,145.88,0.0,0.0,218.62,364.5,Joined,Not Applicable,Not Applicable,Likely to Churn,96.56
88215-KHU,Female,19,No,Khulna,5,10,Deal 5,Yes,Yes,Yes,Fiber Optic,No,No,No,No,No,No,No,Yes,Month-to-Month,Yes,Bank Withdrawal,375.38,375.38,0.0,0.0,322.88,698.25,Joined,Not Applicable,Not Applicable,Likely to Churn,98.17
71197-BAR,Female,38,No,Barishal,0,33,Deal 5,Yes,No,Yes,Mobile Broadband,Yes,No,Yes,No,Yes,Yes,Yes,Yes,Month-to-Month,Yes,Bank Withdrawal,580.5,1546.12,0.0,0.0,999.45,2545.58,Joined,Not Applicable,Not Applicable,Likely to Churn,91.7
87704-RAN,Female,38,Yes,Rangpur,9,24,Deal 5,Yes,No,No,,No,No,No,No,No,No,No,No,Two Year,No,Credit Card,153.38,153.38,0.0,0.0,328.65,482.02,Joined,Not Applicable,Not Applicable,Likely to Churn,87.99
65531-DHK,Female,55,No,Dhaka,10,22,No Deal,Yes,No,No,,No,No,No,No,No,No,No,No,Month-to-Month,No,Credit Card,148.5,148.5,0.0,0.0,89.7,238.2,Joined,Not Applicable,Not Applicable,Likely to Churn,96.22
85917-KHU,Male,53,Yes,Khulna,7,15,Deal 5,Yes,No,No,,No,No,No,No,No,No,No,No,Month-to-Month,Yes,Credit Card,146.25,146.25,0.0,0.0,247.65,393.9,Joined,Not Applicable,Not Applicable,Likely to Churn,94.15
16244-DHK,Female,19,Yes,Dhaka,5,7,No Deal,Yes,No,No,,No,No,No,No,No,No,No,No,Month-to-Month,No,Credit Card,146.62,146.62,0.0,0.0,38.25,184.88,Joined,Not Applicable,Not Applicable,Likely to Churn,95.79
44693-DHK,Female,53,No,Dhaka,11,27,No Deal,Yes,No,No,,No,No,No,No,No,No,No,No,One Year,No,Credit Card,152.25,239.25,0.0,0.0,531.3,770.55,Joined,Not Applicable,Not Applicable,Likely to Churn,75.08
51214-DHK,Male,28,No,Dhaka,12,22,No Deal,Yes,No,Yes,Fiber Optic,No,No,Yes,No,No,No,No,No,Month-to-Month,Yes,Credit Card,552.0,1743.75,0.0,75.0,615.15,2433.9,Joined,Not Applicable,Not Applicable,Likely to Churn,83.1
82718-KHU,Male,32,Yes,Khulna,12,7,No Deal,Yes,No,No,,No,No,No,No,No,No,No,No,Month-to-Month,No,Bank Withdrawal,155.25,155.25,0.0,0.0,343.95,499.2,Joined,Not Applicable,Not Applicable,Likely to Churn,96.78
67941-BAR,Female,46,No,Barishal,9,13,Deal 5,Yes,Yes,Yes,Fiber Optic,No,Yes,No,No,No,No,No,No,Month-to-Month,No,Credit Card,406.12,762.38,0.0,75.0,319.5,1156.88,Joined,Not Applicable,Not Applicable,Likely to Churn,86.45
82965-RAJ,Female,38,No,Rajshahi,8,20,No Deal,Yes,No,Yes,Mobile Broadband,No,No,No,No,No,No,No,No,Month-to-Month,No,Credit Card,335.62,1110.38,0.0,75.0,785.02,1970.4,Joined,Not Applicable,Not Applicable,Likely to Churn,64.54
99862-CTG,Female,30,No,Chattogram,12,9,Deal 5,Yes,No,Yes,Fiber Optic,No,No,No,Yes,No,No,No,Yes,Month-to-Month,No,Bank Withdrawal,555.0,555.0,0.0,0.0,177.75,732.75,Joined,Not Applicable,Not Applicable,Likely to Churn,98.56
81098-RAN,Male,31,Yes,Rangpur,13,11,No Deal,Yes,No,Yes,Fiber Optic,Yes,No,No,No,No,No,No,Yes,Month-to-Month,No,Credit Card,384.38,384.38,0.0,0.0,294.75,679.12,Joined,Not Applicable,Not Applicable,Likely to Churn,95.97
41235-CTG,Female,37,No,Chattogram,8,10,Deal 5,Yes,No,Yes,Fiber Optic,No,No,No,No,No,No,No,Yes,Month-to-Month,Yes,Bank Withdrawal,336.0,336.0,0.0,0.0,205.95,541.95,Joined,Not Applicable,Not Applicable,Likely to Churn,97.56
81235-CTG,Female,42,Yes,Chattogram,9,32,Deal 5,Yes,No,Yes,Fiber Optic,No,No,No,No,No,No,No,Yes,Month-to-Month,Yes,Credit Card,336.75,336.75,0.0,0.0,118.2,454.95,Joined,Not Applicable,Not Applicable,Likely to Churn,97.63
23148-SYL,Female,74,Yes,Sylhet,4,9,Deal 5,Yes,No,Yes,Fiber Optic,No,No,No,No,No,No,No,Yes,Two Year,No,Bank Withdrawal,330.0,330.0,0.0,0.0,215.03,545.02,Joined,Not Applicable,Not Applicable,Likely to Churn,75.06
58044-KHU,Female,31,No,Khulna,5,13,Deal 5,Yes,No,No,,No,No,No,No,No,No,No,No,Month-to-Month,No,Credit Card,152.62,313.88,0.0,0.0,81.3,395.17,Joined,Not Applicable,Not Applicable,Likely to Churn,95.89
75802-DHK,Female,61,No,Dhaka,4,3,No Deal,Yes,No,No,,No,No,No,No,No,No,No,No,Month-to-Month,No,Credit Card,150.38,150.38,0.0,0.0,101.33,251.7,Joined,Not Applicable,Not Applicable,Likely to Churn,96.96
58848-BAR,Male,58,Yes,Barishal,14,18,No Deal,Yes,No,Yes,Mobile Broadband,Yes,No,No,No,No,No,No,Yes,Month-to-Month,Yes,Credit Card,373.5,373.5,0.0,0.0,286.57,660.08,Joined,Not Applicable,Not Applicable,Likely to Churn,97.32
89154-RAN,Female,47,No,Rangpur,5,3,Deal 5,Yes,No,Yes,Mobile Broadband,No,Yes,No,No,No,No,No,Yes,Month-to-Month,No,Credit Card,369.0,777.75,0.0,0.0,439.2,1216.95,Joined,Not Applicable,Not Applicable,Likely to Churn,82.37
77678-CTG,Female,41,Yes,Chattogram,1,29,No Deal,Yes,No,Yes,Fiber Optic,Yes,No,No,No,No,No,No,Yes,Month-to-Month,No,Bank Withdrawal,371.62,371.62,0.0,0.0,81.22,452.85,Joined,Not Applicable,Not Applicable,Likely to Churn,98.06
78021-DHK,Female,45,Yes,Dhaka,12,35,Deal 5,Yes,Yes,No,,No,No,No,No,No,No,No,No,Month-to-Month,Yes,Credit Card,187.5,187.5,0.0,0.0,25.43,212.93,Joined,Not Applicable,Not Applicable,Likely to Churn,95.24
29371-CTG,Female,23,No,Chattogram,14,9,Deal 5,Yes,No,Yes,Fiber Optic,No,No,No,No,No,Yes,Yes,Yes,Month-to-Month,Yes,Bank Withdrawal,414.75,814.88,0.0,0.0,658.95,1473.82,Joined,Not Applicable,Not Applicable,Likely to Churn,91.37
88728-DHK,Female,42,No,Dhaka,12,9,No Deal,Yes,No,No,,No,No,No,No,No,No,No,No,One Year,No,Credit Card,159.0,390.38,0.0,0.0,271.12,661.5,Joined,Not Applicable,Not Applicable,Likely to Churn,54.76
28782-BAR,Male,58,Yes,Barishal,8,7,Deal 5,Yes,No,Yes,Fiber Optic,No,No,No,No,No,No,No,Yes,Month-to-Month,Yes,Mobile Banking (bKash/Nagad),337.12,337.12,0.0,0.0,102.23,439.35,Joined,Not Applicable,Not Applicable,Likely to Churn,98.16
49265-CTG,Female,18,Yes,Chattogram,4,4,Deal 5,Yes,No,Yes,Mobile Broadband,Yes,No,Yes,No,No,No,Yes,Yes,Month-to-Month,No,Credit Card,419.25,1181.62,0.0,0.0,748.8,1930.42,Joined,Not Applicable,Not Applicable,Likely to Churn,68.47
84770-DHK,Female,38,Yes,Dhaka,2,21,No Deal,Yes,No,No,,No,No,No,No,No,No,No,No,Month-to-Month,No,Mobile Banking (bKash/Nagad),151.12,151.12,0.0,0.0,206.93,358.05,Joined,Not Applicable,Not Applicable,Likely to Churn,96.24
75058-RAJ,Female,59,No,Rajshahi,6,14,No Deal,Yes,No,Yes,Fiber Optic,No,No,Yes,Yes,Yes,Yes,Yes,Yes,One Year,No,Credit Card,555.75,555.75,0.0,0.0,270.38,826.12,Joined,Not Applicable,Not Applicable,Likely to Churn,71.61
81169-RAJ,Female,62,Yes,Rajshahi,4,2,No Deal,Yes,No,No,,No,No,No,No,No,No,No,No,Month-to-Month,No,Bank Withdrawal,141.38,141.38,0.0,0.0,58.5,199.88,Joined,Not Applicable,Not Applicable,Likely to Churn,97.6
65580-DHK,Male,54,No,Dhaka,6,2,No Deal,Yes,No,No,,No,No,No,No,No,No,No,No,Month-to-Month,Yes,Credit Card,143.25,397.88,0.0,0.0,367.2,765.08,Joined,Not Applicable,Not Applicable,Likely to Churn,91.78
89804-DHK,Male,34,No,Dhaka,4,31,Deal 5,Yes,No,No,,No,No,No,No,No,No,No,No,Month-to-Month,No,Credit Card,145.5,379.5,0.0,0.0,227.4,606.9,Joined,Not Applicable,Not Applicable,Likely to Churn,96.62
74978-DHK,Female,28,Yes,Dhaka,1,21,No Deal,Yes,No,No,,No,No,No,No,No,No,No,No,Month-to-Month,No,Bank Withdrawal,148.12,148.12,0.0,0.0,227.85,375.98,Joined,Not Applicable,Not Applicable,Likely to Churn,96.46
99996-BAR,Male,22,Yes,Barishal,2,8,Deal 5,Yes,No,Yes,Fiber Optic,Yes,Yes,No,No,No,No,Yes,Yes,Month-to-Month,Yes,Credit Card,401.62,401.62,0.0,0.0,120.45,522.08,Joined,Not Applicable,Not Applicable,Likely to Churn,97.91
21065-BAR,Male,27,No,Barishal,5,10,No Deal,Yes,No,No,,No,No,No,No,No,No,No,No,Month-to-Month,No,Credit Card,152.25,152.25,0.0,0.0,81.3,233.55,Joined,Not Applicable,Not Applicable,Likely to Churn,96.05
31412-BAR,Female,81,Yes,Barishal,14,29,No Deal,Yes,No,No,,No,No,No,No,No,No,No,No,Two Year,No,Bank Withdrawal,144.0,279.0,0.0,0.0,105.45,384.45,Joined,Not Applicable,Not Applicable,Likely to Churn,87.86
54997-DHK,Female,55,No,Dhaka,7,23,No Deal,Yes,No,Yes,Fiber Optic,No,No,No,No,No,No,No,Yes,Month-to-Month,Yes,Credit Card,330.0,330.0,0.0,0.0,196.12,526.12,Joined,Not Applicable,Not Applicable,Likely to Churn,97.03
56728-RAN,Male,40,No,Rangpur,0,1,No Deal,Yes,No,Yes,Fiber Optic,No,No,No,No,No,No,No,Yes,Month-to-Month,No,Credit Card,342.0,342.0,0.0,0.0,280.8,622.8,Joined,Not Applicable,Not Applicable,Likely to Churn,97.89
